pclass,survived,sex,age,sibsp,parch,fare,died,title_Master,title_Miss,title_Mr,title_Mrs,title_Officer,title_Royalty,embarked_C,embarked_Q,embarked_S,cabin_A,cabin_B,cabin_C,cabin_D,cabin_E,cabin_F,cabin_G,cabin_T,cabin_U
1,1,0,29.0,0,0,3.4411650203498834,0,0,1,0,0,0,0,0,0,1,0,1,0,0,0,0,0,0,0
1,1,1,0.9167,1,2,2.2856026827414997,0,1,0,0,0,0,0,0,0,1,0,0,1,0,0,0,0,0,0
1,0,0,2.0,1,2,2.2856026827414997,1,0,1,0,0,0,0,0,0,1,0,0,1,0,0,0,0,0,0
1,0,1,30.0,1,2,2.2856026827414997,1,0,0,1,0,0,0,0,0,1,0,0,1,0,0,0,0,0,0
1,0,0,25.0,1,2,2.2856026827414997,1,0,0,0,1,0,0,0,0,1,0,0,1,0,0,0,0,0,0
1,1,1,48.0,0,0,-0.13037544313845886,0,0,0,1,0,0,0,0,0,1,0,0,0,0,1,0,0,0,0
1,1,0,63.0,1,0,0.8632351831709382,0,0,1,0,0,0,0,0,0,1,0,0,0,1,0,0,0,0,0
1,0,1,39.0,0,0,-0.6435291970753619,1,0,0,1,0,0,0,0,0,1,1,0,0,0,0,0,0,0,0
1,1,0,53.0,2,0,0.3514517720270343,0,0,0,0,1,0,0,0,0,1,0,0,1,0,0,0,0,0,0
1,0,1,71.0,0,0,0.31327931763813094,1,0,0,1,0,0,0,1,0,0,0,0,0,0,0,0,0,0,1
1,0,1,47.0,1,0,3.754034187651338,1,0,0,0,0,1,0,1,0,0,0,0,1,0,0,0,0,0,0
1,1,0,18.0,1,0,3.754034187651338,0,0,0,0,1,0,0,1,0,0,0,0,1,0,0,0,0,0,0
1,1,0,24.0,0,0,0.6958890759124867,0,0,0,0,1,0,0,1,0,0,0,1,0,0,0,0,0,0,0
1,1,0,26.0,0,0,0.8804698047297155,0,0,1,0,0,0,0,0,0,1,0,0,0,0,0,0,0,0,1
1,1,1,80.0,0,0,-0.06369444686417203,0,0,0,1,0,0,0,0,0,1,1,0,0,0,0,0,0,0,0
1,0,1,28.0,0,0,-0.14245533376785866,1,0,0,1,0,0,0,0,0,1,0,0,0,0,0,0,0,0,1
1,0,1,24.0,0,1,4.140509510927102,1,0,0,1,0,0,0,1,0,0,0,1,0,0,0,0,0,0,0
1,1,0,50.0,0,1,4.140509510927102,0,0,0,0,1,0,0,1,0,0,0,1,0,0,0,0,0,0,0
1,1,0,32.0,0,0,0.8310234300142062,0,0,1,0,0,0,0,1,0,0,0,0,0,1,0,0,0,0,0
1,0,1,36.0,0,0,0.8107292137568143,1,0,0,1,0,0,0,1,0,0,0,0,1,0,0,0,0,0,0
1,1,1,37.0,1,1,0.372229183909602,0,0,0,1,0,0,0,0,0,1,0,0,0,1,0,0,0,0,0
1,1,0,47.0,1,1,0.372229183909602,0,0,0,0,1,0,0,0,0,1,0,0,0,1,0,0,0,0,0
1,1,1,26.0,0,0,-0.06369444686417203,0,0,0,1,0,0,0,1,0,0,0,0,1,0,0,0,0,0,0
1,1,0,42.0,0,0,3.754034187651338,0,0,1,0,0,0,0,1,0,0,0,0,0,0,0,0,0,0,1
1,1,0,29.0,0,0,3.6429803707258896,0,0,1,0,0,0,0,0,0,1,0,0,1,0,0,0,0,0,0
1,0,1,25.0,0,0,-0.1410057468923307,1,0,0,1,0,0,0,1,0,0,0,0,0,0,0,0,0,0,1
1,1,1,25.0,1,0,1.1168336423058052,0,0,0,1,0,0,0,1,0,0,0,1,0,0,0,0,0,0,0
1,1,0,19.0,1,0,1.1168336423058052,0,0,0,0,1,0,0,1,0,0,0,1,0,0,0,0,0,0,0
1,1,0,35.0,0,0,1.977967490451951,0,0,1,0,0,0,0,0,0,1,0,0,1,0,0,0,0,0,0
1,1,1,28.0,0,0,-0.13037544313845886,0,0,0,1,0,0,0,0,0,1,0,0,1,0,0,0,0,0,0
1,0,1,45.0,0,0,0.04260859067454612,1,0,0,1,0,0,0,0,0,1,0,0,0,0,0,0,0,1,0
1,1,1,40.0,0,0,-0.04436662185713237,0,0,0,1,0,0,0,1,0,0,1,0,0,0,0,0,0,0,0
1,1,0,30.0,0,0,2.5429855300127446,0,0,1,0,0,0,0,0,0,1,0,0,1,0,0,0,0,0,0
1,1,0,58.0,0,0,-0.13037544313845886,0,0,1,0,0,0,0,0,0,1,0,0,1,0,0,0,0,0,0
1,0,1,42.0,0,0,-0.13037544313845886,1,0,0,1,0,0,0,0,0,1,0,0,0,1,0,0,0,0,0
1,1,0,45.0,0,0,4.42760888914667,0,0,1,0,0,0,0,1,0,0,0,0,0,0,0,0,0,0,1
1,1,0,22.0,0,1,0.4195011783118196,0,0,1,0,0,0,0,0,0,1,0,0,0,0,1,0,0,0,0
1,1,1,28.0,0,0,-0.13037544313845886,0,0,0,1,0,0,0,0,0,1,0,0,0,0,0,0,0,0,1
1,0,1,41.0,0,0,-0.0540305343606522,1,0,0,1,0,0,0,0,0,1,1,0,0,0,0,0,0,0,0
1,0,1,48.0,0,0,0.3324447889151116,1,0,0,1,0,0,0,1,0,0,0,1,0,0,0,0,0,0,0
1,0,1,28.0,0,0,0.12185267320340878,1,0,0,0,0,1,0,1,0,0,0,0,0,0,0,0,0,0,1
1,1,0,44.0,0,0,-0.10774642562021683,0,0,0,0,1,0,0,1,0,0,0,1,0,0,0,0,0,0,0
1,1,0,59.0,2,0,0.3514517720270343,0,0,0,0,1,0,0,0,0,1,0,0,1,0,0,0,0,0,0
1,1,0,60.0,0,0,0.8310234300142062,0,0,0,0,1,0,0,1,0,0,0,0,0,1,0,0,0,0,0
1,1,0,41.0,0,0,1.9560632663714732,0,0,1,0,0,0,0,1,0,0,0,0,0,0,1,0,0,0,0
1,0,1,45.0,0,0,-0.13037544313845886,1,0,0,0,0,1,0,0,0,1,0,1,0,0,0,0,0,0,0
1,0,1,28.0,0,0,-0.04436662185713237,1,0,0,1,0,0,0,0,0,1,0,0,0,0,0,0,0,0,1
1,1,1,42.0,0,0,-0.13544899720280676,0,0,0,1,0,0,0,0,0,1,0,0,0,0,1,0,0,0,0
1,1,0,53.0,0,0,-0.11306157749715277,0,0,0,0,1,0,0,1,0,0,0,0,0,0,0,0,0,0,1
1,1,1,36.0,0,1,9.258679926521264,0,0,0,1,0,0,0,1,0,0,0,1,0,0,0,0,0,0,0
1,1,0,58.0,0,1,9.258679926521264,0,0,0,0,1,0,0,1,0,0,0,1,0,0,0,0,0,0,0
1,0,1,33.0,0,0,-0.5468900720401637,1,0,0,1,0,0,0,0,0,1,0,1,0,0,0,0,0,0,0
1,0,1,28.0,0,0,0.26681136075620626,1,0,0,1,0,0,0,0,0,1,0,0,0,0,0,0,0,0,1
1,0,1,17.0,0,0,0.26681136075620626,1,0,0,1,0,0,0,0,0,1,0,0,0,0,0,0,0,0,1
1,1,1,11.0,1,2,1.675809803769398,0,1,0,0,0,0,0,0,0,1,0,1,0,0,0,0,0,0,0
1,1,0,14.0,1,2,1.675809803769398,0,0,1,0,0,0,0,0,0,1,0,1,0,0,0,0,0,0,0
1,1,1,36.0,1,2,1.675809803769398,0,0,0,1,0,0,0,0,0,1,0,1,0,0,0,0,0,0,0
1,1,0,36.0,1,2,1.675809803769398,0,0,0,0,1,0,0,0,0,1,0,1,0,0,0,0,0,0,0
1,0,1,49.0,0,0,-0.1410057468923307,1,0,0,1,0,0,0,0,0,1,0,0,0,0,0,0,0,0,1
1,1,0,28.0,0,0,-0.10774642562021683,0,0,0,0,1,0,0,1,0,0,0,0,0,0,0,0,0,0,1
1,0,1,36.0,1,0,0.8804698047297155,1,0,0,1,0,0,0,0,0,1,0,0,1,0,0,0,0,0,0
1,1,0,76.0,1,0,0.8804698047297155,0,0,0,0,1,0,0,0,0,1,0,0,1,0,0,0,0,0,0
1,0,1,46.0,1,0,0.5388504977302895,1,0,0,1,0,0,0,0,0,1,0,0,0,0,1,0,0,0,0
1,1,0,47.0,1,0,0.5388504977302895,0,0,0,0,1,0,0,0,0,1,0,0,0,0,1,0,0,0,0
1,1,1,27.0,1,0,0.38277831079844427,0,0,0,1,0,0,0,0,0,1,0,0,0,0,1,0,0,0,0
1,1,0,33.0,1,0,0.38277831079844427,0,0,0,0,1,0,0,0,0,1,0,0,0,0,1,0,0,0,0
1,1,0,36.0,0,0,4.42760888914667,0,0,1,0,0,0,0,1,0,0,0,1,0,0,0,0,0,0,0
1,1,0,30.0,0,0,1.028327666033569,0,0,1,0,0,0,0,0,0,1,0,1,0,0,0,0,0,0,0
1,1,1,45.0,0,0,-0.06949279436628394,0,0,0,1,0,0,0,1,0,0,1,0,0,0,0,0,0,0,0
1,1,0,28.0,0,1,0.4195011783118196,0,0,0,0,1,0,0,0,0,1,0,0,0,0,1,0,0,0,0
1,0,1,28.0,0,0,-0.6435291970753619,1,0,0,1,0,0,0,0,0,1,0,0,0,0,0,0,0,0,1
1,0,1,27.0,1,0,2.000115245127518,1,0,0,1,0,0,0,1,0,0,0,0,1,0,0,0,0,0,0
1,1,0,26.0,1,0,2.000115245127518,0,0,0,0,1,0,0,1,0,0,0,0,1,0,0,0,0,0,0
1,1,0,22.0,0,0,2.2856026827414997,0,0,1,0,0,0,0,0,0,1,0,0,0,0,0,0,0,0,1
1,0,1,28.0,0,0,0.3615177032907006,1,0,0,1,0,0,0,0,0,1,1,0,0,0,0,0,0,0,0
1,0,1,47.0,0,0,-0.1489784747077346,1,0,0,1,0,0,0,0,0,1,0,0,0,0,1,0,0,0,0
1,1,0,39.0,1,1,0.9637398732075445,0,0,1,0,0,0,0,1,0,0,0,0,0,0,1,0,0,0,0
1,0,1,37.0,1,1,0.9637398732075445,1,0,0,1,0,0,0,1,0,0,0,0,0,0,1,0,0,0,0
1,1,0,64.0,0,2,0.9637398732075445,0,0,0,0,1,0,0,1,0,0,0,0,0,0,1,0,0,0,0
1,1,0,55.0,2,0,-0.1468040943944426,0,0,0,0,1,0,0,0,0,1,0,0,1,0,0,0,0,0,0
1,0,1,28.0,0,0,-0.13037544313845886,1,0,0,1,0,0,0,0,0,1,0,0,0,0,0,0,0,0,1
1,0,1,70.0,1,1,0.7287463784244542,1,0,0,0,0,1,0,0,0,1,0,1,0,0,0,0,0,0,0
1,1,0,36.0,0,2,0.7287463784244542,0,0,1,0,0,0,0,0,0,1,0,1,0,0,0,0,0,0,0
1,1,0,64.0,1,1,-0.13037544313845886,0,0,0,0,1,0,0,0,0,1,0,1,0,0,0,0,0,0,0
1,0,1,39.0,1,0,0.7342219512489485,1,0,0,1,0,0,0,1,0,0,0,0,1,0,0,0,0,0,0
1,1,0,38.0,1,0,0.7342219512489485,0,0,0,0,1,0,0,1,0,0,0,0,1,0,0,0,0,0,0
1,1,1,51.0,0,0,-0.13037544313845886,0,0,0,1,0,0,0,0,0,1,0,0,0,0,1,0,0,0,0
1,1,1,27.0,0,0,-0.0540305343606522,0,0,0,1,0,0,0,0,0,1,0,0,0,0,0,0,0,0,1
1,1,0,33.0,0,0,2.2856026827414997,0,0,1,0,0,0,0,0,0,1,0,0,0,0,0,0,0,0,1
1,0,1,31.0,1,0,0.3615177032907006,1,0,0,1,0,0,0,0,0,1,0,1,0,0,0,0,0,0,0
1,1,0,27.0,1,2,0.3615177032907006,0,0,0,0,1,0,0,0,0,1,0,1,0,0,0,0,0,0,0
1,1,1,31.0,1,0,0.45815682832589893,0,0,0,1,0,0,0,0,0,1,0,1,0,0,0,0,0,0,0
1,1,0,17.0,1,0,0.45815682832589893,0,0,0,0,1,0,0,0,0,1,0,1,0,0,0,0,0,0,0
1,1,1,53.0,1,1,0.938613700698393,0,0,0,0,0,1,0,0,0,1,1,0,0,0,0,0,0,0,0
1,1,1,4.0,0,2,0.938613700698393,0,1,0,0,0,0,0,0,0,1,1,0,0,0,0,0,0,0,0
1,1,0,54.0,1,1,0.938613700698393,0,0,0,0,1,0,0,0,0,1,1,0,0,0,0,0,0,0,0
1,0,1,50.0,1,0,1.413434579298834,1,0,0,1,0,0,0,1,0,0,0,0,1,0,0,0,0,0,0
1,1,0,27.0,1,1,4.140509510927102,0,0,0,0,1,0,0,1,0,0,0,1,0,0,0,0,0,0,0
1,1,0,48.0,1,0,1.413434579298834,0,0,0,0,1,0,0,1,0,0,0,0,1,0,0,0,0,0,0
1,1,0,48.0,1,0,0.12185267320340878,0,0,0,0,0,0,1,1,0,0,1,0,0,0,0,0,0,0,0
1,1,1,49.0,1,0,0.45678841831540057,0,0,0,0,0,0,1,1,0,0,1,0,0,0,0,0,0,0,0
1,0,1,39.0,0,0,-0.06949279436628394,1,0,0,1,0,0,0,1,0,0,1,0,0,0,0,0,0,0,0
1,1,0,23.0,0,1,0.9637398732075445,0,0,0,0,1,0,0,1,0,0,0,0,1,0,0,0,0,0,0
1,1,0,38.0,0,0,3.754034187651338,0,0,1,0,0,0,0,1,0,0,0,0,1,0,0,0,0,0,0
1,1,0,54.0,1,0,0.8691958844031094,0,0,1,0,0,0,0,1,0,0,0,0,0,1,0,0,0,0,0
1,0,0,36.0,0,0,-0.031239163112350997,1,0,1,0,0,0,0,1,0,0,1,0,0,0,0,0,0,0,0
1,0,1,28.0,0,0,3.6429803707258896,1,0,0,1,0,0,0,0,0,1,0,0,1,0,0,0,0,0,0
1,1,0,28.0,0,0,-0.03115991902982218,0,0,0,0,1,0,0,0,0,1,0,0,0,0,0,0,0,0,1
1,1,0,28.0,0,0,1.4996038215277192,0,0,1,0,0,0,0,1,0,0,0,0,0,0,0,0,0,0,1
1,1,1,36.0,0,0,-0.13351621470210284,0,0,0,1,0,0,0,0,0,1,0,0,0,0,1,0,0,0,0
1,0,1,30.0,0,0,-0.10718205313001128,1,0,0,1,0,0,0,1,0,0,0,0,1,0,0,0,0,0,0
1,1,0,24.0,3,2,4.43968877977607,0,0,1,0,0,0,0,0,0,1,0,0,1,0,0,0,0,0,0
1,1,0,28.0,3,2,4.43968877977607,0,0,1,0,0,0,0,0,0,1,0,0,1,0,0,0,0,0,0
1,1,0,23.0,3,2,4.43968877977607,0,0,1,0,0,0,0,0,0,1,0,0,1,0,0,0,0,0,0
1,0,1,19.0,3,2,4.43968877977607,1,0,0,1,0,0,0,0,0,1,0,0,1,0,0,0,0,0,0
1,0,1,64.0,1,4,4.43968877977607,1,0,0,1,0,0,0,0,0,1,0,0,1,0,0,0,0,0,0
1,1,0,60.0,1,4,4.43968877977607,0,0,0,0,1,0,0,0,0,1,0,0,1,0,0,0,0,0,0
1,1,0,30.0,0,0,0.45678841831540057,0,0,1,0,0,0,0,1,0,0,0,0,0,0,1,0,0,0,0
1,0,1,28.0,0,0,-0.13037544313845886,1,0,0,1,0,0,0,0,0,1,0,0,0,1,0,0,0,0,0
1,1,1,50.0,2,0,1.9396346151154895,0,0,0,0,0,1,0,0,0,1,0,0,0,0,0,0,0,0,1
1,1,1,43.0,1,0,-0.10774642562021683,0,0,0,1,0,0,0,1,0,0,0,0,0,1,0,0,0,0,0
1,1,0,28.0,1,0,1.9396346151154895,0,0,0,0,1,0,0,0,0,1,0,0,0,0,0,0,0,0,1
1,1,0,22.0,0,2,0.31319814077310143,0,0,1,0,0,0,0,1,0,0,0,1,0,0,0,0,0,0,0
1,1,1,60.0,1,1,0.8872345434821796,0,0,0,1,0,0,0,1,0,0,0,1,0,0,0,0,0,0,0
1,1,0,48.0,1,1,0.8872345434821796,0,0,0,0,1,0,0,1,0,0,0,1,0,0,0,0,0,0,0
1,0,1,28.0,0,0,-0.6435291970753619,1,0,0,1,0,0,0,0,0,1,0,1,0,0,0,0,0,0,0
1,0,1,37.0,1,0,0.38277831079844427,1,0,0,1,0,0,0,0,0,1,0,0,1,0,0,0,0,0,0
1,1,0,35.0,1,0,0.38277831079844427,0,0,0,0,1,0,0,0,0,1,0,0,1,0,0,0,0,0,0
1,0,1,47.0,0,0,0.10059206569566512,1,0,0,1,0,0,0,0,0,1,0,0,0,0,1,0,0,0,0
1,1,0,35.0,0,0,3.444305791913527,0,0,1,0,0,0,0,1,0,0,0,0,1,0,0,0,0,0,0
1,1,0,22.0,0,1,0.5045436083427941,0,0,1,0,0,0,0,1,0,0,0,0,0,0,0,0,0,0,1
1,1,0,45.0,0,1,0.5045436083427941,0,0,0,0,1,0,0,1,0,0,0,0,0,0,0,0,0,0,1
1,0,1,24.0,0,0,0.8872345434821796,1,0,0,1,0,0,0,1,0,0,0,1,0,0,0,0,0,0,0
1,1,1,49.0,1,0,1.078661187916902,0,0,0,1,0,0,0,1,0,0,0,0,1,0,0,0,0,0,0
1,1,0,28.0,1,0,1.078661187916902,0,0,0,0,1,0,0,1,0,0,0,0,1,0,0,0,0,0,0
1,0,1,71.0,0,0,0.026261116283592033,1,0,0,1,0,0,0,1,0,0,1,0,0,0,0,0,0,0,0
1,1,1,53.0,0,0,-0.09268618437473153,0,0,0,0,0,1,0,1,0,0,0,0,1,0,0,0,0,0,0
1,1,0,19.0,0,0,-0.06369444686417203,0,0,1,0,0,0,0,0,0,1,0,1,0,0,0,0,0,0,0
1,0,1,38.0,0,1,2.322567148067463,1,0,0,1,0,0,0,0,0,1,0,0,1,0,0,0,0,0,0
1,1,0,58.0,0,1,2.322567148067463,0,0,0,0,1,0,0,0,0,1,0,0,1,0,0,0,0,0,0
1,1,1,23.0,0,1,0.5810489380681593,0,0,0,1,0,0,0,1,0,0,0,0,0,1,0,0,0,0,0
1,1,0,45.0,0,1,0.5810489380681593,0,0,0,0,1,0,0,1,0,0,0,0,0,1,0,0,0,0,0
1,0,1,46.0,0,0,0.8872345434821796,1,0,0,1,0,0,0,1,0,0,0,1,0,0,0,0,0,0,0
1,1,1,25.0,1,0,0.42803827861742894,0,0,0,1,0,0,0,1,0,0,0,0,0,0,1,0,0,0,0
1,1,0,25.0,1,0,0.42803827861742894,0,0,0,0,1,0,0,1,0,0,0,0,0,0,1,0,0,0,0
1,1,1,48.0,1,0,0.839479353454786,0,0,0,1,0,0,0,1,0,0,0,0,0,1,0,0,0,0,0
1,1,0,49.0,1,0,0.839479353454786,0,0,0,0,1,0,0,1,0,0,0,0,0,1,0,0,0,0,0
1,0,1,28.0,0,0,0.1759705832231198,1,0,0,1,0,0,0,0,0,1,0,0,0,0,0,0,0,0,1
1,0,1,45.0,1,0,0.969860995387274,1,0,0,1,0,0,0,0,0,1,0,0,1,0,0,0,0,0,0
1,1,0,35.0,1,0,0.969860995387274,0,0,0,0,1,0,0,0,0,1,0,0,1,0,0,0,0,0,0
1,0,1,40.0,0,0,-0.6435291970753619,1,0,0,1,0,0,0,0,0,1,0,1,0,0,0,0,0,0,0
1,1,1,27.0,0,0,0.839479353454786,0,0,0,1,0,0,0,1,0,0,0,0,0,1,0,0,0,0,0
1,1,1,28.0,0,0,-0.06369444686417203,0,0,0,1,0,0,0,0,0,1,0,0,0,1,0,0,0,0,0
1,1,0,24.0,0,0,0.9637398732075445,0,0,1,0,0,0,0,1,0,0,0,0,1,0,0,0,0,0,0
1,0,1,55.0,1,1,1.1636224410828466,1,0,0,1,0,0,0,0,0,1,0,1,0,0,0,0,0,0,0
1,1,0,52.0,1,1,1.1636224410828466,0,0,0,0,1,0,0,0,0,1,0,1,0,0,0,0,0,0,0
1,0,1,42.0,0,0,0.1779033657238238,1,0,0,1,0,0,0,0,0,1,0,1,0,0,0,0,0,0,0
1,0,1,28.0,0,0,0.3588601273522326,1,0,0,1,0,0,0,0,0,1,0,0,0,0,1,0,0,0,0
1,0,1,55.0,0,0,0.32286205327662126,1,0,0,1,0,0,0,0,0,1,0,0,1,0,0,0,0,0,0
1,1,0,16.0,0,1,0.47708263457279215,0,0,1,0,0,0,0,1,0,0,0,1,0,0,0,0,0,0,0
1,1,0,44.0,0,1,0.47708263457279215,0,0,0,0,1,0,0,1,0,0,0,1,0,0,0,0,0,0,0
1,1,0,51.0,1,0,0.8632351831709382,0,0,0,0,1,0,0,0,0,1,0,0,0,1,0,0,0,0,0
1,0,1,42.0,1,0,0.3615177032907006,1,0,0,1,0,0,0,0,0,1,0,0,0,0,0,0,0,0,1
1,1,0,35.0,1,0,0.3615177032907006,0,0,0,0,1,0,0,0,0,1,0,0,0,0,0,0,0,0,1
1,1,1,35.0,0,0,-0.13037544313845886,0,0,0,1,0,0,0,1,0,0,0,0,0,0,0,0,0,0,1
1,1,1,38.0,1,0,1.0959750535582078,0,0,0,1,0,0,0,0,0,1,0,0,1,0,0,0,0,0,0
1,0,1,28.0,0,0,-0.05024614622427386,1,0,0,1,0,0,0,1,0,0,0,0,0,0,0,0,0,0,1
1,1,0,35.0,1,0,1.0959750535582078,0,0,0,0,1,0,0,0,0,1,0,0,1,0,0,0,0,0,0
1,1,0,38.0,0,0,0.9026968034878112,0,0,1,0,0,0,0,0,0,1,0,1,0,0,0,0,0,0,0
1,0,0,50.0,0,0,-0.08857902156073563,1,0,1,0,0,0,0,1,0,0,0,0,1,0,0,0,0,0,0
1,1,1,49.0,0,0,-0.6435291970753619,0,0,0,1,0,0,0,0,0,1,0,1,0,0,0,0,0,0,0
1,0,1,46.0,0,0,-0.1410057468923307,1,0,0,1,0,0,0,0,0,1,0,0,0,0,0,0,0,0,1
1,0,1,50.0,0,0,-0.1410057468923307,1,0,0,1,0,0,0,0,0,1,0,0,0,0,1,0,0,0,0
1,0,1,32.5,0,0,3.444305791913527,1,0,0,1,0,0,0,1,0,0,0,0,1,0,0,0,0,0,0
1,0,1,58.0,0,0,-0.06949279436628394,1,0,0,1,0,0,0,1,0,0,0,1,0,0,0,0,0,0,0
1,0,1,41.0,1,0,0.3588601273522326,1,0,0,1,0,0,0,0,0,1,0,0,0,1,0,0,0,0,0
1,1,0,28.0,1,0,0.3588601273522326,0,0,0,0,1,0,0,0,0,1,0,0,0,1,0,0,0,0,0
1,1,1,42.0,1,0,0.372229183909602,0,0,0,1,0,0,0,0,0,1,0,0,0,1,0,0,0,0,0
1,1,0,45.0,1,0,0.372229183909602,0,0,0,0,1,0,0,0,0,1,0,0,0,1,0,0,0,0,0
1,0,1,28.0,0,0,-0.13037544313845886,1,0,0,1,0,0,0,0,0,1,0,0,1,0,0,0,0,0,0
1,1,0,39.0,0,0,3.4411650203498834,0,0,1,0,0,0,0,0,0,1,0,0,0,0,0,0,0,0,1
1,1,0,49.0,0,0,-0.14237415690282906,0,0,0,0,0,1,0,0,0,1,0,0,0,1,0,0,0,0,0
1,1,0,30.0,0,0,1.413434579298834,0,0,1,0,0,0,0,1,0,0,0,0,0,0,0,0,0,0,1
1,1,1,35.0,0,0,9.258679926521264,0,0,0,1,0,0,0,1,0,0,0,1,0,0,0,0,0,0,0
1,0,1,28.0,0,0,-0.10774642562021683,1,0,0,1,0,0,0,1,0,0,0,0,0,0,0,0,0,0,1
1,0,1,42.0,0,0,-0.13037544313845886,1,0,0,1,0,0,0,0,0,1,0,0,0,0,0,0,0,0,1
1,1,0,55.0,0,0,-0.10774642562021683,0,0,0,0,1,0,0,1,0,0,0,0,0,0,0,0,0,0,1
1,1,0,16.0,0,1,0.11798710820200078,0,0,1,0,0,0,0,0,0,1,0,0,0,1,0,0,0,0,0
1,1,0,51.0,0,1,0.11798710820200078,0,0,0,0,1,0,0,0,0,1,0,0,0,1,0,0,0,0,0
1,0,1,29.0,0,0,-0.06369444686417203,1,0,0,1,0,0,0,0,0,1,0,0,0,1,0,0,0,0,0
1,1,0,21.0,0,0,0.8632351831709382,0,0,1,0,0,0,0,0,0,1,0,0,0,1,0,0,0,0,0
1,0,1,30.0,0,0,0.2358868407449428,1,0,0,1,0,0,0,0,0,1,0,0,0,0,0,0,0,0,1
1,1,0,58.0,0,0,2.1883991852160958,0,0,1,0,0,0,0,1,0,0,0,1,0,0,0,0,0,0,0
1,1,0,15.0,0,1,3.4411650203498834,0,0,1,0,0,0,0,0,0,1,0,1,0,0,0,0,0,0,0
1,0,1,30.0,0,0,-0.1410057468923307,1,0,0,1,0,0,0,0,0,1,0,0,1,0,0,0,0,0,0
1,1,0,16.0,0,0,1.028327666033569,0,0,1,0,0,0,0,0,0,1,0,1,0,0,0,0,0,0,0
1,1,1,28.0,0,0,-0.06949279436628394,0,0,0,1,0,0,0,1,0,0,0,0,1,0,0,0,0,0,0
1,0,1,19.0,1,0,0.38277831079844427,1,0,0,1,0,0,0,0,0,1,0,0,0,1,0,0,0,0,0
1,1,0,18.0,1,0,0.38277831079844427,0,0,0,0,1,0,0,0,0,1,0,0,0,1,0,0,0,0,0
1,1,0,24.0,0,0,0.31327931763813094,0,0,1,0,0,0,0,1,0,0,0,0,1,0,0,0,0,0,0
1,0,1,46.0,0,0,0.8107292137568143,1,0,0,1,0,0,0,1,0,0,0,0,1,0,0,0,0,0,0
1,0,1,54.0,0,0,0.3588601273522326,1,0,0,1,0,0,0,0,0,1,0,0,0,0,1,0,0,0,0
1,1,1,36.0,0,0,-0.13544899720280676,0,0,0,1,0,0,0,0,0,1,0,0,0,0,1,0,0,0,0
1,0,1,28.0,1,0,0.9446536460130929,1,0,0,1,0,0,0,1,0,0,0,0,0,0,0,0,0,0,1
1,1,0,28.0,1,0,0.9446536460130929,0,0,0,0,1,0,0,1,0,0,0,0,0,0,0,0,0,0,1
1,0,1,65.0,0,0,-0.13037544313845886,1,0,0,1,0,0,0,0,0,1,0,0,0,0,1,0,0,0,0
1,0,1,44.0,2,0,1.0959750535582078,1,0,0,0,0,1,0,0,1,0,0,0,1,0,0,0,0,0,0
1,1,0,33.0,1,0,1.0959750535582078,0,0,1,0,0,0,0,0,1,0,0,0,1,0,0,0,0,0,0
1,1,0,37.0,1,0,1.0959750535582078,0,0,0,0,1,0,0,0,1,0,0,0,1,0,0,0,0,0,0
1,1,1,30.0,1,0,0.4726526970811787,0,0,0,1,0,0,0,1,0,0,0,0,1,0,0,0,0,0,0
1,0,1,55.0,0,0,-0.0540305343606522,1,0,0,1,0,0,0,0,0,1,0,0,1,0,0,0,0,0,0
1,0,1,47.0,0,0,0.1759705832231198,1,0,0,1,0,0,0,0,0,1,0,0,0,0,0,0,0,0,1
1,0,1,37.0,0,1,-0.06949279436628394,1,0,0,1,0,0,0,1,0,0,0,0,1,0,0,0,0,0,0
1,1,0,31.0,1,0,1.5458301805970562,0,0,1,0,0,0,0,1,0,0,0,0,0,1,0,0,0,0,0
1,1,0,23.0,1,0,1.5458301805970562,0,0,1,0,0,0,0,1,0,0,0,0,0,1,0,0,0,0,0
1,0,1,58.0,0,2,1.5458301805970562,1,0,0,1,0,0,0,1,0,0,0,0,0,1,0,0,0,0,0
1,1,0,19.0,0,2,-0.13553017406783635,0,0,1,0,0,0,0,0,0,1,0,0,0,1,0,0,0,0,0
1,0,1,64.0,0,0,-0.1410057468923307,1,0,0,1,0,0,0,0,0,1,0,0,0,0,0,0,0,0,1
1,1,0,39.0,0,0,1.4612709461912579,0,0,0,0,0,0,0,1,0,0,0,0,1,0,0,0,0,0,0
1,1,1,28.0,0,0,-0.145998124091649,0,0,0,1,0,0,0,1,0,0,0,0,0,0,0,0,0,0,1
1,1,0,22.0,0,1,0.5543939346009508,0,0,1,0,0,0,0,1,0,0,0,1,0,0,0,0,0,0,0
1,0,1,65.0,0,1,0.5543939346009508,1,0,0,1,0,0,0,1,0,0,0,1,0,0,0,0,0,0,0
1,0,1,28.5,0,0,-0.10774642562021683,1,0,0,1,0,0,0,1,0,0,0,0,0,1,0,0,0,0,0
1,0,1,28.0,0,0,-0.6435291970753619,1,0,0,1,0,0,0,0,0,1,0,0,0,0,0,0,0,0,1
1,0,1,45.5,0,0,-0.09268618437473153,1,0,0,1,0,0,0,0,0,1,0,0,1,0,0,0,0,0,0
1,0,1,23.0,0,0,1.1636224410828466,1,0,0,1,0,0,0,0,0,1,0,1,0,0,0,0,0,0,0
1,0,1,29.0,1,0,0.6437039483934796,1,0,0,1,0,0,0,0,0,1,0,0,1,0,0,0,0,0,0
1,1,0,22.0,1,0,0.6437039483934796,0,0,0,0,1,0,0,0,0,1,0,0,1,0,0,0,0,0,0
1,0,1,18.0,1,0,1.4612709461912579,1,0,0,1,0,0,0,1,0,0,0,0,1,0,0,0,0,0,0
1,1,0,17.0,1,0,1.4612709461912579,0,0,0,0,1,0,0,1,0,0,0,0,1,0,0,0,0,0,0
1,1,0,30.0,0,0,1.1636224410828466,0,0,1,0,0,0,0,0,0,1,0,1,0,0,0,0,0,0,0
1,1,1,52.0,0,0,-0.0540305343606522,0,0,0,0,0,1,0,0,0,1,0,0,1,0,0,0,0,0,0
1,0,1,47.0,0,0,0.3615177032907006,1,0,0,1,0,0,0,0,0,1,0,0,1,0,0,0,0,0,0
1,1,0,56.0,0,1,0.9637398732075445,0,0,0,0,1,0,0,1,0,0,0,0,1,0,0,0,0,0,0
1,0,1,38.0,0,0,-0.6435291970753619,1,0,0,0,0,0,1,0,0,1,0,0,0,0,0,0,0,0,1
1,1,1,28.0,0,0,0.12185267320340878,0,0,0,1,0,0,0,0,0,1,0,0,0,0,0,0,0,0,1
1,0,1,22.0,0,0,1.977967490451951,1,0,0,1,0,0,0,1,0,0,0,0,0,0,0,0,0,0,1
1,0,1,28.0,0,0,3.754034187651338,1,0,0,1,0,0,0,1,0,0,0,0,0,0,0,0,0,0,1
1,1,0,43.0,0,1,3.4411650203498834,0,0,0,0,1,0,0,0,0,1,0,1,0,0,0,0,0,0,0
1,0,1,31.0,0,0,0.3324447889151116,1,0,0,1,0,0,0,0,0,1,1,0,0,0,0,0,0,0,0
1,1,1,45.0,0,0,-0.13037544313845886,0,0,0,1,0,0,0,0,0,1,0,0,0,0,0,0,0,0,1
1,0,1,28.0,0,0,0.32286205327662126,1,0,0,1,0,0,0,0,0,1,1,0,0,0,0,0,0,0,0
1,1,0,33.0,0,0,-0.10774642562021683,0,0,1,0,0,0,0,1,0,0,1,0,0,0,0,0,0,0,0
1,0,1,46.0,0,0,0.8872345434821796,1,0,0,1,0,0,0,1,0,0,0,0,0,0,0,0,0,0,1
1,0,1,36.0,0,0,0.13199978133210458,1,0,0,1,0,0,0,1,0,0,1,0,0,0,0,0,0,0,0
1,1,0,33.0,0,0,1.028327666033569,0,0,0,0,0,0,1,0,0,1,0,1,0,0,0,0,0,0,0
1,0,1,55.0,1,0,0.5045436083427941,1,0,0,1,0,0,0,1,0,0,0,0,0,0,0,0,0,0,1
1,1,0,54.0,1,0,0.5045436083427941,0,0,0,0,1,0,0,1,0,0,0,0,0,0,0,0,0,0,1
1,0,1,33.0,0,0,-0.13037544313845886,1,0,0,1,0,0,0,0,0,1,0,0,0,0,0,0,0,0,1
1,1,1,13.0,2,2,4.42760888914667,0,1,0,0,0,0,0,1,0,0,0,1,0,0,0,0,0,0,0
1,1,0,18.0,2,2,4.42760888914667,0,0,1,0,0,0,0,1,0,0,0,1,0,0,0,0,0,0,0
1,1,0,21.0,2,2,4.42760888914667,0,0,1,0,0,0,0,1,0,0,0,1,0,0,0,0,0,0,0
1,0,1,61.0,1,3,4.42760888914667,1,0,0,1,0,0,0,1,0,0,0,1,0,0,0,0,0,0,0
1,1,0,48.0,1,3,4.42760888914667,0,0,0,0,1,0,0,1,0,0,0,1,0,0,0,0,0,0,0
1,1,1,28.0,0,0,-0.0540305343606522,0,0,0,1,0,0,0,0,0,1,0,0,1,0,0,0,0,0,0
1,1,0,24.0,0,0,0.6958890759124867,0,0,1,0,0,0,0,1,0,0,0,1,0,0,0,0,0,0,0
1,1,1,28.0,0,0,-0.1410057468923307,0,0,0,1,0,0,0,0,0,1,0,0,0,0,0,0,0,0,1
1,1,0,35.0,1,0,0.4726526970811787,0,0,0,0,1,0,0,1,0,0,0,0,1,0,0,0,0,0,0
1,1,0,30.0,0,0,-0.04436662185713237,0,0,1,0,0,0,0,1,0,0,0,0,0,0,0,0,0,0,1
1,1,1,34.0,0,0,-0.13037544313845886,0,0,0,1,0,0,0,0,0,1,0,0,0,0,0,0,0,0,1
1,1,0,40.0,0,0,2.322567148067463,0,0,1,0,0,0,0,0,0,1,0,0,1,0,0,0,0,0,0
1,1,1,35.0,0,0,-0.13544899720280676,0,0,0,1,0,0,0,0,0,1,0,0,0,0,1,0,0,0,0
1,0,1,50.0,1,0,0.43689622081815527,1,0,0,1,0,0,0,0,0,1,0,0,0,0,1,0,0,0,0
1,1,0,39.0,1,0,0.43689622081815527,0,0,0,0,1,0,0,0,0,1,0,0,0,0,1,0,0,0,0
1,1,1,56.0,0,0,0.04260859067454612,0,0,0,0,0,1,0,1,0,0,1,0,0,0,0,0,0,0,0
1,1,1,28.0,0,0,0.04260859067454612,0,0,0,1,0,0,0,0,0,1,1,0,0,0,0,0,0,0,0
1,0,1,56.0,0,0,-0.13037544313845886,1,0,0,1,0,0,0,0,0,1,0,0,0,0,0,0,0,0,1
1,0,1,56.0,0,0,-0.05024614622427386,1,0,0,1,0,0,0,1,0,0,1,0,0,0,0,0,0,0,0
1,0,1,24.0,1,0,0.5161403033470179,1,0,0,1,0,0,0,0,0,1,0,0,1,0,0,0,0,0,0
1,0,1,28.0,0,0,-0.1410057468923307,1,0,0,1,0,0,0,0,0,1,1,0,0,0,0,0,0,0,0
1,1,0,18.0,1,0,0.5161403033470179,0,0,0,0,1,0,0,0,0,1,0,0,1,0,0,0,0,0,0
1,1,1,24.0,1,0,0.946507184431268,0,0,0,1,0,0,0,0,0,1,0,1,0,0,0,0,0,0,0
1,1,0,23.0,1,0,0.946507184431268,0,0,0,0,1,0,0,0,0,1,0,1,0,0,0,0,0,0,0
1,1,1,6.0,0,2,1.9560632663714732,0,1,0,0,0,0,0,1,0,0,0,0,0,0,1,0,0,0,0
1,1,1,45.0,1,1,1.9560632663714732,0,0,0,1,0,0,0,1,0,0,0,0,0,0,1,0,0,0,0
1,1,0,40.0,1,1,1.9560632663714732,0,0,0,0,1,0,0,1,0,0,0,0,0,0,1,0,0,0,0
1,0,1,57.0,1,0,2.1883991852160958,1,0,0,1,0,0,0,1,0,0,0,1,0,0,0,0,0,0,0
1,1,0,28.0,1,0,2.1883991852160958,0,0,0,0,1,0,0,1,0,0,0,1,0,0,0,0,0,0,0
1,1,1,32.0,0,0,-0.0540305343606522,0,0,0,0,0,1,0,1,0,0,0,1,0,0,0,0,0,0,0
1,0,1,62.0,0,0,-0.13037544313845886,1,0,0,1,0,0,0,0,0,1,0,0,1,0,0,0,0,0,0
1,1,1,54.0,1,0,0.42803827861742894,0,0,0,1,0,0,0,1,0,0,0,0,1,0,0,0,0,0,0
1,1,0,43.0,1,0,0.42803827861742894,0,0,0,0,1,0,0,1,0,0,0,0,1,0,0,0,0,0,0
1,1,0,52.0,1,0,0.8691958844031094,0,0,0,0,1,0,0,1,0,0,0,0,0,1,0,0,0,0,0
1,0,1,28.0,0,0,-0.10774642562021683,1,0,0,1,0,0,0,1,0,0,0,0,0,0,0,0,0,0,1
1,1,0,62.0,0,0,0.9026968034878112,0,0,0,0,1,0,0,0,0,1,0,1,0,0,0,0,0,0,0
1,0,1,67.0,1,0,3.6429803707258896,1,0,0,1,0,0,0,0,0,1,0,0,1,0,0,0,0,0,0
1,0,0,63.0,1,0,3.6429803707258896,1,0,0,0,1,0,0,0,0,1,0,0,1,0,0,0,0,0,0
1,0,1,61.0,0,0,-0.01883843058783441,1,0,0,1,0,0,0,0,0,1,0,0,0,1,0,0,0,0,0
1,1,0,48.0,0,0,-0.14237415690282906,0,0,0,0,1,0,0,0,0,1,0,0,0,1,0,0,0,0,0
1,1,0,18.0,0,2,0.8959320647353475,0,0,1,0,0,0,0,0,0,1,0,0,0,0,1,0,0,0,0
1,0,1,52.0,1,1,0.8959320647353475,1,0,0,1,0,0,0,0,0,1,0,0,0,0,1,0,0,0,0
1,1,0,39.0,1,1,0.8959320647353475,0,0,0,0,1,0,0,0,0,1,0,0,0,0,1,0,0,0,0
1,1,1,48.0,1,0,0.3615177032907006,0,0,0,1,0,0,0,0,0,1,0,0,1,0,0,0,0,0,0
1,1,0,28.0,1,0,0.3615177032907006,0,0,0,0,1,0,0,0,0,1,0,0,1,0,0,0,0,0,0
1,0,1,49.0,1,1,1.4996038215277192,1,0,0,1,0,0,0,1,0,0,0,0,1,0,0,0,0,0,0
1,1,1,17.0,0,2,1.4996038215277192,0,0,0,1,0,0,0,1,0,0,0,0,1,0,0,0,0,0,0
1,1,0,39.0,1,1,1.4996038215277192,0,0,0,0,1,0,0,1,0,0,0,0,1,0,0,0,0,0,0
1,1,0,28.0,0,0,0.8872345434821796,0,0,0,0,1,0,0,1,0,0,0,0,0,0,0,0,0,0,1
1,1,1,31.0,0,0,-0.09196139093696752,0,0,0,1,0,0,0,1,0,0,0,0,1,0,0,0,0,0,0
1,0,1,40.0,0,0,-0.10774642562021683,1,0,0,0,0,0,1,1,0,0,0,0,0,0,0,0,0,0,1
1,0,1,61.0,0,0,0.003952940660466794,1,0,0,1,0,0,0,0,0,1,0,1,0,0,0,0,0,0,0
1,0,1,47.0,0,0,0.014018871924133076,1,0,0,1,0,0,0,0,0,1,0,0,0,1,0,0,0,0,0
1,1,0,35.0,0,0,9.258679926521264,0,0,1,0,0,0,0,1,0,0,0,0,0,0,0,0,0,0,1
1,0,1,64.0,1,0,0.8108896347043728,1,0,0,1,0,0,0,1,0,0,0,0,0,1,0,0,0,0,0
1,1,0,60.0,1,0,0.8108896347043728,0,0,0,0,1,0,0,1,0,0,0,0,0,1,0,0,0,0,0
1,0,1,60.0,0,0,-0.13037544313845886,1,0,0,0,0,1,0,0,0,1,0,0,0,0,0,0,0,0,1
1,0,1,54.0,0,1,0.850270078156216,1,0,0,1,0,0,0,0,0,1,0,0,0,1,0,0,0,0,0
1,0,1,21.0,0,1,0.850270078156216,1,0,0,1,0,0,0,0,0,1,0,0,0,1,0,0,0,0,0
1,1,0,55.0,0,0,1.977967490451951,0,0,0,0,1,0,0,1,0,0,0,0,1,0,0,0,0,0,0
1,1,0,31.0,0,2,2.5429855300127446,0,0,1,0,0,0,0,0,0,1,0,0,1,0,0,0,0,0,0
1,0,1,57.0,1,1,2.5429855300127446,1,0,0,1,0,0,0,0,0,1,0,0,0,0,0,0,0,0,1
1,1,0,45.0,1,1,2.5429855300127446,0,0,0,0,1,0,0,0,0,1,0,0,0,0,0,0,0,0,1
1,0,1,50.0,1,1,3.444305791913527,1,0,0,1,0,0,0,1,0,0,0,0,1,0,0,0,0,0,0
1,0,1,27.0,0,2,3.444305791913527,1,0,0,1,0,0,0,1,0,0,0,0,1,0,0,0,0,0,0
1,1,0,50.0,1,1,3.444305791913527,0,0,0,0,1,0,0,1,0,0,0,0,1,0,0,0,0,0,0
1,1,0,21.0,0,0,-0.13037544313845886,0,0,1,0,0,0,0,0,0,1,0,0,0,0,0,0,0,0,1
1,0,1,51.0,0,1,0.542797239596727,1,0,0,1,0,0,0,1,0,0,0,0,0,0,0,0,0,0,1
1,1,1,21.0,0,1,0.542797239596727,0,0,0,1,0,0,0,1,0,0,0,0,0,0,0,0,0,0,1
1,0,1,28.0,0,0,0.032944678171026295,1,0,0,1,0,0,0,0,0,1,0,0,1,0,0,0,0,0,0
1,1,0,31.0,0,0,1.9560632663714732,0,0,1,0,0,0,0,1,0,0,0,0,0,0,1,0,0,0,0
1,1,1,28.0,0,0,0.04260859067454612,0,0,0,1,0,0,0,0,0,1,0,0,1,0,0,0,0,0,0
1,0,1,62.0,0,0,-0.13037544313845886,1,0,0,1,0,0,0,0,0,1,0,0,0,0,0,0,0,0,1
1,1,0,36.0,0,0,1.977967490451951,0,0,1,0,0,0,0,1,0,0,0,0,1,0,0,0,0,0,0
2,0,1,30.0,1,0,-0.17966139690641003,1,0,0,1,0,0,0,1,0,0,0,0,0,0,0,0,0,0,1
2,1,0,28.0,1,0,-0.17966139690641003,0,0,0,0,1,0,0,1,0,0,0,0,0,0,0,0,0,0,1
2,0,1,30.0,0,0,-0.3922674719838463,1,0,0,1,0,0,0,0,0,1,0,0,0,0,0,0,0,0,1
2,0,1,18.0,0,0,-0.4212592094944058,1,0,0,1,0,0,0,0,0,1,0,0,0,0,0,0,0,0,1
2,0,1,25.0,0,0,-0.4405870345014455,1,0,0,1,0,0,0,0,0,1,0,0,0,0,0,0,0,0,1
2,0,1,34.0,1,0,-0.1410057468923307,1,0,0,1,0,0,0,0,0,1,0,0,0,0,0,0,0,0,1
2,1,0,36.0,1,0,-0.1410057468923307,0,0,0,0,1,0,0,0,0,1,0,0,0,0,0,0,0,0,1
2,0,1,57.0,0,0,-0.3922674719838463,1,0,0,1,0,0,0,0,0,1,0,0,0,0,0,0,0,0,1
2,0,1,18.0,0,0,-0.4212592094944058,1,0,0,1,0,0,0,0,0,1,0,0,0,0,0,0,0,0,1
2,0,1,23.0,0,0,-0.4405870345014455,1,0,0,1,0,0,0,0,0,1,0,0,0,0,0,0,0,0,1
2,1,0,36.0,0,0,-0.3922674719838463,0,0,0,0,1,0,0,0,0,1,0,0,0,1,0,0,0,0,0
2,0,1,28.0,0,0,-0.4405870345014455,1,0,0,1,0,0,0,0,0,1,0,0,0,0,0,0,0,0,1
2,0,1,51.0,0,0,-0.4014481888621902,1,0,0,0,0,1,0,0,0,1,0,0,0,0,0,0,0,0,1
2,1,1,32.0,1,0,-0.1410057468923307,0,0,0,1,0,0,0,0,0,1,0,0,0,0,0,0,0,0,1
2,1,0,19.0,1,0,-0.1410057468923307,0,0,0,0,1,0,0,0,0,1,0,0,0,0,0,0,0,0,1
2,0,1,28.0,0,0,-0.1410057468923307,1,0,0,1,0,0,0,0,0,1,0,0,0,0,0,0,0,0,1
2,1,1,1.0,2,1,0.11025597819918495,0,1,0,0,0,0,0,0,0,1,0,0,0,0,0,1,0,0,0
2,1,0,4.0,2,1,0.11025597819918495,0,0,1,0,0,0,0,0,0,1,0,0,0,0,0,1,0,0,0
2,1,0,12.0,2,1,0.11025597819918495,0,0,1,0,0,0,0,0,0,1,0,0,0,0,0,1,0,0,0
2,1,0,36.0,0,3,0.11025597819918495,0,0,0,0,1,0,0,0,0,1,0,0,0,0,0,1,0,0,0
2,1,1,34.0,0,0,-0.3922674719838463,0,0,0,1,0,0,0,0,0,1,0,0,0,1,0,0,0,0,0
2,1,0,19.0,0,0,-0.3922674719838463,0,0,1,0,0,0,0,0,0,1,0,0,0,0,0,0,0,0,1
2,0,1,23.0,0,0,-0.3922674719838463,1,0,0,1,0,0,0,0,0,1,0,0,0,0,0,0,0,0,1
2,0,1,26.0,0,0,-0.3922674719838463,1,0,0,1,0,0,0,0,0,1,0,0,0,0,0,0,0,0,1
2,0,1,42.0,0,0,-0.3922674719838463,1,0,0,1,0,0,0,0,0,1,0,0,0,0,0,0,0,0,1
2,0,1,27.0,0,0,-0.3922674719838463,1,0,0,1,0,0,0,0,0,1,0,0,0,0,0,0,0,0,1
2,1,0,24.0,0,0,-0.3922674719838463,0,0,1,0,0,0,0,0,0,1,0,0,0,0,0,1,0,0,0
2,1,0,15.0,0,2,0.11025597819918495,0,0,1,0,0,0,0,0,0,1,0,0,0,0,0,0,0,0,1
2,0,1,60.0,1,1,0.11025597819918495,1,0,0,1,0,0,0,0,0,1,0,0,0,0,0,0,0,0,1
2,1,0,40.0,1,1,0.11025597819918495,0,0,0,0,1,0,0,0,0,1,0,0,0,0,0,0,0,0,1
2,1,0,20.0,1,0,-0.1410057468923307,0,0,1,0,0,0,0,0,0,1,0,0,0,0,0,0,0,0,1
2,0,1,25.0,1,0,-0.1410057468923307,1,0,0,1,0,0,0,0,0,1,0,0,0,0,0,0,0,0,1
2,1,0,36.0,0,0,-0.3922674719838463,0,0,1,0,0,0,0,0,0,1,0,0,0,0,0,0,0,0,1
2,0,1,25.0,0,0,-0.3922674719838463,1,0,0,1,0,0,0,0,0,1,0,0,0,0,0,0,0,0,1
2,0,1,42.0,0,0,-0.3922674719838463,1,0,0,0,0,1,0,0,0,1,0,0,0,0,0,0,0,0,1
2,1,0,42.0,0,0,-0.3922674719838463,0,0,0,0,1,0,0,0,0,1,0,0,0,0,0,0,0,0,1
2,1,1,0.8333,0,2,-0.0830222718712117,0,1,0,0,0,0,0,0,0,1,0,0,0,0,0,0,0,0,1
2,1,1,26.0,1,1,-0.0830222718712117,0,0,0,1,0,0,0,0,0,1,0,0,0,0,0,0,0,0,1
2,1,0,22.0,1,1,-0.0830222718712117,0,0,0,0,1,0,0,0,0,1,0,0,0,0,0,0,0,0,1
2,1,0,35.0,0,0,-0.237644871927529,0,0,1,0,0,0,0,0,0,1,0,0,0,0,0,0,0,0,1
2,0,1,28.0,0,0,-0.6435291970753619,1,0,0,1,0,0,0,0,0,1,0,0,0,0,0,0,0,0,1
2,0,1,19.0,0,0,-0.3922674719838463,1,0,0,1,0,0,0,0,0,1,0,0,0,0,0,0,0,0,1
2,0,0,44.0,1,0,-0.1410057468923307,1,0,0,0,1,0,0,0,0,1,0,0,0,0,0,0,0,0,1
2,0,1,54.0,1,0,-0.1410057468923307,1,0,0,0,0,1,0,0,0,1,0,0,0,0,0,0,0,0,1
2,0,1,52.0,0,0,-0.3826035594803265,1,0,0,1,0,0,0,0,0,1,0,0,0,0,0,0,0,0,1
2,0,1,37.0,1,0,-0.1410057468923307,1,0,0,1,0,0,0,0,0,1,0,0,0,0,0,0,0,0,1
2,0,0,29.0,1,0,-0.1410057468923307,1,0,0,0,1,0,0,0,0,1,0,0,0,0,0,0,0,0,1
2,1,0,25.0,1,1,-0.06369444686417203,0,0,1,0,0,0,0,0,0,1,0,0,0,0,0,0,0,0,1
2,1,0,45.0,0,2,-0.06369444686417203,0,0,0,0,1,0,0,0,0,1,0,0,0,0,0,0,0,0,1
2,0,1,29.0,1,0,-0.1410057468923307,1,0,0,1,0,0,0,0,0,1,0,0,0,0,0,0,0,0,1
2,1,0,28.0,1,0,-0.1410057468923307,0,0,0,0,1,0,0,0,0,1,0,0,0,0,0,0,0,0,1
2,0,1,29.0,0,0,-0.4405870345014455,1,0,0,1,0,0,0,0,0,1,0,0,0,0,0,0,0,0,1
2,0,1,28.0,0,0,-0.3922674719838463,1,0,0,1,0,0,0,0,0,1,0,0,0,0,0,0,0,0,1
2,1,1,24.0,0,0,-0.4405870345014455,0,0,0,1,0,0,0,0,0,1,0,0,0,0,0,0,0,0,1
2,1,0,8.0,0,2,-0.13617379064057078,0,0,1,0,0,0,0,0,0,1,0,0,0,0,0,0,0,0,1
2,0,1,31.0,1,1,-0.13617379064057078,1,0,0,1,0,0,0,0,0,1,0,0,0,0,0,0,0,0,1
2,1,0,31.0,1,1,-0.13617379064057078,0,0,0,0,1,0,0,0,0,1,0,0,0,0,0,0,0,0,1
2,1,0,22.0,0,0,-0.4405870345014455,0,0,0,0,1,0,0,0,0,1,0,0,0,0,0,1,0,0,0
2,0,0,30.0,0,0,-0.3922674719838463,1,0,0,0,1,0,0,0,0,1,0,0,0,0,0,0,0,0,1
2,0,0,28.0,0,0,-0.237644871927529,1,0,0,0,1,0,0,0,0,1,0,0,0,0,0,0,0,0,1
2,0,1,21.0,0,0,-0.4212592094944058,1,0,0,1,0,0,0,0,0,1,0,0,0,0,0,0,0,0,1
2,0,1,28.0,0,0,-0.6435291970753619,1,0,0,1,0,0,0,0,0,1,0,0,0,0,0,0,0,0,1
2,1,1,8.0,1,1,0.0667683719333457,0,1,0,0,0,0,0,0,0,1,0,0,0,0,0,0,0,0,1
2,0,1,18.0,0,0,0.7770659409420534,1,0,0,1,0,0,0,0,0,1,0,0,0,0,0,0,0,0,1
2,1,0,48.0,0,2,0.0667683719333457,0,0,0,0,1,0,0,0,0,1,0,0,0,0,0,0,0,0,1
2,1,0,28.0,0,0,-0.3922674719838463,0,0,1,0,0,0,0,0,0,1,0,0,0,0,0,0,0,0,1
2,0,1,32.0,0,0,-0.3922674719838463,1,0,0,1,0,0,0,0,0,1,0,0,0,0,0,0,0,0,1
2,0,1,17.0,0,0,0.7770659409420534,1,0,0,1,0,0,0,0,0,1,0,0,0,0,0,0,0,0,1
2,0,1,29.0,1,0,-0.10774642562021683,1,0,0,1,0,0,0,1,0,0,0,0,0,0,0,0,0,0,1
2,1,0,24.0,1,0,-0.10774642562021683,0,0,0,0,1,0,0,1,0,0,0,0,0,0,0,0,0,0,1
2,0,1,25.0,0,0,-0.03470270935361253,1,0,0,1,0,0,0,0,0,1,0,0,0,0,0,0,0,0,1
2,0,1,18.0,0,0,0.7770659409420534,1,0,0,1,0,0,0,0,0,1,0,0,0,0,0,0,0,0,1
2,1,0,18.0,0,1,-0.1989892219134497,0,0,1,0,0,0,0,0,0,1,0,0,0,0,0,0,0,0,1
2,1,0,34.0,0,1,-0.1989892219134497,0,0,0,0,1,0,0,0,0,1,0,0,0,0,0,0,0,0,1
2,0,1,54.0,0,0,-0.1410057468923307,1,0,0,1,0,0,0,0,0,1,0,0,0,0,0,0,0,0,1
2,1,1,8.0,0,2,-0.015374884346572871,0,1,0,0,0,0,0,0,0,1,0,0,0,0,0,0,0,0,1
2,0,1,42.0,1,1,-0.015374884346572871,1,0,0,1,0,0,0,0,0,1,0,0,0,0,0,0,0,0,1
2,1,0,34.0,1,1,-0.015374884346572871,0,0,0,0,1,0,0,0,0,1,0,0,0,0,0,0,0,0,1
2,1,0,27.0,1,0,-0.3756783997803042,0,0,1,0,0,0,0,1,0,0,0,0,0,0,0,0,0,0,1
2,1,0,30.0,1,0,-0.3756783997803042,0,0,1,0,0,0,0,1,0,0,0,0,0,0,0,0,0,0,1
2,0,1,23.0,0,0,-0.3922674719838463,1,0,0,1,0,0,0,0,0,1,0,0,0,0,0,0,0,0,1
2,0,1,21.0,0,0,-0.3922674719838463,1,0,0,1,0,0,0,0,0,1,0,0,0,0,0,0,0,0,1
2,0,1,18.0,0,0,-0.3922674719838463,1,0,0,1,0,0,0,0,0,1,0,0,0,0,0,0,0,0,1
2,0,1,40.0,1,0,-0.1410057468923307,1,0,0,1,0,0,0,0,0,1,0,0,0,0,0,0,0,0,1
2,1,0,29.0,1,0,-0.1410057468923307,0,0,0,0,1,0,0,0,0,1,0,0,0,0,0,0,0,0,1
2,0,1,18.0,0,0,-0.4405870345014455,1,0,0,1,0,0,0,0,0,1,0,0,0,0,0,0,0,0,1
2,0,1,36.0,0,0,-0.3922674719838463,1,0,0,1,0,0,0,0,0,1,0,0,0,0,0,0,0,0,1
2,0,1,28.0,0,0,-0.6435291970753619,1,0,0,1,0,0,0,0,0,1,0,0,0,0,0,0,0,0,1
2,0,0,38.0,0,0,-0.3922674719838463,1,0,1,0,0,0,0,0,0,1,0,0,0,0,0,0,0,0,1
2,0,1,35.0,0,0,-0.1410057468923307,1,0,0,1,0,0,0,0,0,1,0,0,0,0,0,0,0,0,1
2,0,1,38.0,1,0,-0.237644871927529,1,0,0,1,0,0,0,0,0,1,0,0,0,0,0,0,0,0,1
2,0,1,34.0,1,0,-0.237644871927529,1,0,0,1,0,0,0,0,0,1,0,0,0,0,0,0,0,0,1
2,1,0,34.0,0,0,-0.3922674719838463,0,0,1,0,0,0,0,0,0,1,0,0,0,0,0,0,0,0,1
2,0,1,16.0,0,0,-0.1410057468923307,1,0,0,1,0,0,0,0,0,1,0,0,0,0,0,0,0,0,1
2,0,1,26.0,0,0,-0.4405870345014455,1,0,0,1,0,0,0,0,0,1,0,0,0,0,0,0,0,0,1
2,0,1,47.0,0,0,-0.4405870345014455,1,0,0,1,0,0,0,0,0,1,0,0,0,0,0,0,0,0,1
2,0,1,21.0,1,0,-0.4212592094944058,1,0,0,1,0,0,0,0,0,1,0,0,0,0,0,0,0,0,1
2,0,1,21.0,1,0,-0.4212592094944058,1,0,0,1,0,0,0,0,0,1,0,0,0,0,0,0,0,0,1
2,0,1,24.0,0,0,-0.3826035594803265,1,0,0,1,0,0,0,0,0,1,0,0,0,0,0,0,0,0,1
2,0,1,24.0,0,0,-0.3922674719838463,1,0,0,1,0,0,0,0,0,1,0,0,0,0,0,0,0,0,1
2,0,1,34.0,0,0,-0.3922674719838463,1,0,0,1,0,0,0,0,0,1,0,0,0,0,0,0,0,0,1
2,0,1,30.0,0,0,-0.3922674719838463,1,0,0,1,0,0,0,0,0,1,0,0,0,0,0,0,0,0,1
2,0,1,52.0,0,0,-0.3922674719838463,1,0,0,1,0,0,0,0,0,1,0,0,0,0,0,0,0,0,1
2,0,1,30.0,0,0,-0.3922674719838463,1,0,0,1,0,0,0,0,0,1,0,0,0,0,0,0,0,0,1
2,1,1,0.6667,1,1,-0.3632757344732868,0,1,0,0,0,0,0,0,0,1,0,0,0,0,0,0,0,0,1
2,1,0,24.0,0,2,-0.3632757344732868,0,0,0,0,1,0,0,0,0,1,0,0,0,0,0,0,0,0,1
2,0,1,44.0,0,0,-0.3922674719838463,1,0,0,1,0,0,0,0,0,1,0,0,0,0,0,0,0,0,1
2,1,0,6.0,0,1,-0.005710971843053038,0,0,1,0,0,0,0,0,0,1,0,0,0,0,0,0,0,0,1
2,0,1,28.0,0,1,-0.005710971843053038,1,0,0,0,0,1,0,0,0,1,0,0,0,0,0,0,0,0,1
2,1,1,62.0,0,0,-0.4405870345014455,0,0,0,1,0,0,0,0,0,1,0,0,0,0,0,0,0,0,1
2,0,1,30.0,0,0,-0.4405870345014455,1,0,0,1,0,0,0,0,0,1,0,0,0,0,0,0,0,0,1
2,1,0,7.0,0,2,-0.13617379064057078,0,0,1,0,0,0,0,0,0,1,0,0,0,0,0,0,0,0,1
2,0,1,43.0,1,1,-0.13617379064057078,1,0,0,1,0,0,0,0,0,1,0,0,0,0,0,0,0,0,1
2,1,0,45.0,1,1,-0.13617379064057078,0,0,0,0,1,0,0,0,0,1,0,0,0,0,0,0,0,0,1
2,1,0,24.0,1,2,0.6127794283822162,0,0,1,0,0,0,0,0,0,1,0,0,0,0,0,0,0,0,1
2,1,0,24.0,1,2,0.6127794283822162,0,0,1,0,0,0,0,0,0,1,0,0,0,0,0,0,0,0,1
2,0,1,49.0,1,2,0.6127794283822162,1,0,0,1,0,0,0,0,0,1,0,0,0,0,0,0,0,0,1
2,1,0,48.0,1,2,0.6127794283822162,0,0,0,0,1,0,0,0,0,1,0,0,0,0,0,0,0,0,1
2,1,0,55.0,0,0,-0.33428399696272737,0,0,0,0,1,0,0,0,0,1,0,0,0,0,0,0,0,0,1
2,0,1,24.0,2,0,0.7770659409420534,1,0,0,1,0,0,0,0,0,1,0,0,0,0,0,0,0,0,1
2,0,1,32.0,2,0,0.7770659409420534,1,0,0,1,0,0,0,0,0,1,0,0,0,0,0,0,0,0,1
2,0,1,21.0,2,0,0.7770659409420534,1,0,0,1,0,0,0,0,0,1,0,0,0,0,0,0,0,0,1
2,0,0,18.0,1,1,-0.3922674719838463,1,0,1,0,0,0,0,0,0,1,0,0,0,0,0,0,0,0,1
2,1,0,20.0,2,1,-0.1989892219134497,0,0,1,0,0,0,0,0,0,1,0,0,0,0,0,0,0,0,1
2,0,1,23.0,2,1,-0.4212592094944058,1,0,0,1,0,0,0,0,0,1,0,0,0,0,0,0,0,0,1
2,0,1,36.0,0,0,-0.3922674719838463,1,0,0,1,0,0,0,0,0,1,0,0,0,0,0,0,0,0,1
2,1,0,54.0,1,3,-0.1989892219134497,0,0,0,0,1,0,0,0,0,1,0,0,0,0,0,0,0,0,1
2,0,1,50.0,0,0,-0.3922674719838463,1,0,0,1,0,0,0,0,0,1,0,0,0,0,0,0,0,0,1
2,0,1,44.0,1,0,-0.1410057468923307,1,0,0,1,0,0,0,0,0,1,0,0,0,0,0,0,0,0,1
2,1,0,29.0,1,0,-0.1410057468923307,0,0,0,0,1,0,0,0,0,1,0,0,0,0,0,0,0,0,1
2,0,1,21.0,0,0,0.7770659409420534,1,0,0,1,0,0,0,0,0,1,0,0,0,0,0,0,0,0,1
2,1,1,42.0,0,0,-0.3922674719838463,0,0,0,1,0,0,0,0,0,1,0,0,0,0,0,0,0,0,1
2,0,1,63.0,1,0,-0.1410057468923307,1,0,0,1,0,0,0,0,0,1,0,0,0,0,0,0,0,0,1
2,0,0,60.0,1,0,-0.1410057468923307,1,0,0,0,1,0,0,0,0,1,0,0,0,0,0,0,0,0,1
2,0,1,33.0,0,0,-0.4062801451139501,1,0,0,1,0,0,0,0,0,1,0,0,0,0,0,0,0,0,1
2,1,0,17.0,0,0,-0.4405870345014455,0,0,1,0,0,0,0,0,0,1,0,0,0,0,0,0,0,0,1
2,0,1,42.0,1,0,-0.12167792188529103,1,0,0,1,0,0,0,0,0,1,0,0,0,0,0,0,0,0,1
2,1,0,24.0,2,1,-0.12167792188529103,0,0,0,0,1,0,0,0,0,1,0,0,0,0,0,0,0,0,1
2,0,1,47.0,0,0,-0.35361182196976704,1,0,0,1,0,0,0,0,0,1,0,0,0,0,0,0,0,0,1
2,0,1,24.0,2,0,-0.03470270935361253,1,0,0,1,0,0,0,0,0,1,0,0,0,0,0,0,0,0,1
2,0,1,22.0,2,0,-0.03470270935361253,1,0,0,1,0,0,0,0,0,1,0,0,0,0,0,0,0,0,1
2,0,1,32.0,0,0,-0.4405870345014455,1,0,0,1,0,0,0,0,0,1,0,0,0,0,0,0,0,0,1
2,1,0,23.0,0,0,-0.37696563292577306,0,0,0,0,1,0,0,1,0,0,0,0,0,1,0,0,0,0,0
2,0,1,34.0,1,0,-0.1410057468923307,1,0,0,1,0,0,0,0,0,1,0,0,0,0,0,0,0,0,1
2,1,0,24.0,1,0,-0.1410057468923307,0,0,0,0,1,0,0,0,0,1,0,0,0,0,0,0,0,0,1
2,0,0,22.0,0,0,-0.237644871927529,1,0,0,0,1,0,0,0,0,1,0,0,0,0,0,0,0,0,1
2,1,0,28.0,0,0,-0.40483055823842207,0,0,1,0,0,0,0,0,1,0,0,0,0,0,1,0,0,0,0
2,0,1,35.0,0,0,-0.40483055823842207,1,0,0,1,0,0,0,0,1,0,0,0,0,0,0,0,0,0,1
2,1,0,45.0,0,0,-0.3826035594803265,0,0,0,0,1,0,0,0,0,1,0,0,0,0,0,0,0,0,1
2,0,1,57.0,0,0,-0.40483055823842207,1,0,0,0,0,1,0,0,1,0,0,0,0,0,0,0,0,0,1
2,0,1,28.0,0,0,-0.6435291970753619,1,0,0,1,0,0,0,0,0,1,0,0,0,0,0,0,0,0,1
2,0,1,31.0,0,0,-0.4405870345014455,1,0,0,1,0,0,0,0,0,1,0,0,0,0,0,0,0,0,1
2,0,0,26.0,1,1,-0.1410057468923307,1,0,0,0,1,0,0,0,0,1,0,0,0,0,0,0,0,0,1
2,0,1,30.0,1,1,-0.1410057468923307,1,0,0,0,0,1,0,0,0,1,0,0,0,0,0,0,0,0,1
2,0,1,28.0,0,0,-0.4365610485524791,1,0,0,1,0,0,0,0,1,0,0,0,0,0,0,0,0,0,1
2,1,0,1.0,1,2,0.16010630445734167,0,0,1,0,0,0,0,1,0,0,0,0,0,0,0,0,0,0,1
2,1,0,3.0,1,2,0.16010630445734167,0,0,1,0,0,0,0,1,0,0,0,0,0,0,0,0,0,0,1
2,0,1,25.0,1,2,0.16010630445734167,1,0,0,1,0,0,0,1,0,0,0,0,0,0,0,0,0,0,1
2,1,0,22.0,1,2,0.16010630445734167,0,0,0,0,1,0,0,1,0,0,0,0,0,0,0,0,0,0,1
2,1,0,17.0,0,0,-0.411595296990886,0,0,1,0,0,0,0,1,0,0,0,0,0,0,0,0,0,0,1
2,1,0,28.0,0,0,-0.005710971843053038,0,0,1,0,0,0,0,0,0,1,0,0,0,0,0,0,0,0,1
2,1,0,34.0,0,0,-0.4405870345014455,0,0,0,0,1,0,0,0,0,1,0,0,0,0,0,1,0,0,0
2,0,1,36.0,0,0,-0.3946834501097263,1,0,0,1,0,0,0,1,0,0,0,0,0,1,0,0,0,0,0
2,0,1,24.0,0,0,-0.4405870345014455,1,0,0,1,0,0,0,0,0,1,0,0,0,0,0,0,0,0,1
2,0,1,61.0,0,0,-0.40483055823842207,1,0,0,1,0,0,0,0,1,0,0,0,0,0,0,0,0,0,1
2,0,1,50.0,1,0,-0.1410057468923307,1,0,0,1,0,0,0,0,0,1,0,0,0,0,0,0,0,0,1
2,1,0,42.0,1,0,-0.1410057468923307,0,0,0,0,1,0,0,0,0,1,0,0,0,0,0,0,0,0,1
2,0,0,57.0,0,0,-0.4405870345014455,1,0,0,0,1,0,0,0,0,1,0,0,0,0,1,0,0,0,0
2,0,1,28.0,0,0,-0.3527266075844446,1,0,0,1,0,0,0,1,0,0,0,0,0,1,0,0,0,0,0
2,1,1,1.0,0,2,0.07168150505013514,0,1,0,0,0,0,0,1,0,0,0,0,0,0,0,0,0,0,1
2,0,1,31.0,1,1,0.07168150505013514,1,0,0,1,0,0,0,1,0,0,0,0,0,0,0,0,0,0,1
2,1,0,24.0,1,1,0.07168150505013514,0,0,0,0,1,0,0,1,0,0,0,0,0,0,0,0,0,0,1
2,0,1,28.0,0,0,-0.34241714572568965,1,0,0,1,0,0,0,1,0,0,0,0,0,0,0,0,0,0,1
2,0,1,30.0,0,0,-0.3922674719838463,1,0,0,1,0,0,0,0,0,1,0,0,0,0,0,0,0,0,1
2,0,1,40.0,0,0,-0.33428399696272737,1,0,0,1,0,0,0,0,0,1,0,0,0,0,0,0,0,0,1
2,0,1,32.0,0,0,-0.3826035594803265,1,0,0,1,0,0,0,0,0,1,0,0,0,0,0,0,0,0,1
2,0,1,30.0,0,0,-0.3922674719838463,1,0,0,1,0,0,0,0,0,1,0,0,0,0,0,0,0,0,1
2,0,1,46.0,0,0,-0.1410057468923307,1,0,0,1,0,0,0,0,0,1,0,0,0,0,0,0,0,0,1
2,1,0,13.0,0,1,-0.26663660943808853,0,0,1,0,0,0,0,0,0,1,0,0,0,0,0,0,0,0,1
2,1,0,41.0,0,1,-0.26663660943808853,0,0,0,0,1,0,0,0,0,1,0,0,0,0,0,0,0,0,1
2,1,1,19.0,0,0,-0.4405870345014455,0,0,0,1,0,0,0,0,0,1,0,0,0,0,0,0,0,0,1
2,0,1,39.0,0,0,-0.3922674719838463,1,0,0,1,0,0,0,0,0,1,0,0,0,0,0,0,0,0,1
2,0,1,48.0,0,0,-0.3922674719838463,1,0,0,1,0,0,0,0,0,1,0,0,0,0,0,0,0,0,1
2,0,1,70.0,0,0,-0.4405870345014455,1,0,0,1,0,0,0,0,0,1,0,0,0,0,0,0,0,0,1
2,0,1,27.0,0,0,-0.3922674719838463,1,0,0,0,0,1,0,0,0,1,0,0,0,0,0,0,0,0,1
2,0,1,54.0,0,0,-0.37293964697680665,1,0,0,0,0,1,0,0,0,1,0,0,0,0,0,0,0,0,1
2,0,1,39.0,0,0,-0.1410057468923307,1,0,0,1,0,0,0,0,0,1,0,0,0,0,0,0,0,0,1
2,0,1,16.0,0,0,-0.4405870345014455,1,0,0,1,0,0,0,0,0,1,0,0,0,0,0,0,0,0,1
2,0,1,62.0,0,0,-0.45629089231966524,1,0,0,1,0,0,0,0,1,0,0,0,0,0,0,0,0,0,1
2,0,1,32.5,1,0,-0.062326036853673654,1,0,0,1,0,0,0,1,0,0,0,0,0,0,0,0,0,0,1
2,1,0,14.0,1,0,-0.062326036853673654,0,0,0,0,1,0,0,1,0,0,0,0,0,0,0,0,0,0,1
2,1,1,2.0,1,1,-0.1410057468923307,0,1,0,0,0,0,0,0,0,1,0,0,0,0,0,1,0,0,0
2,1,1,3.0,1,1,-0.1410057468923307,0,1,0,0,0,0,0,0,0,1,0,0,0,0,0,1,0,0,0
2,0,1,36.5,0,2,-0.1410057468923307,1,0,0,1,0,0,0,0,0,1,0,0,0,0,0,1,0,0,0
2,0,1,26.0,0,0,-0.3922674719838463,1,0,0,1,0,0,0,0,0,1,0,0,0,0,0,1,0,0,0
2,0,1,19.0,1,1,0.0667683719333457,1,0,0,1,0,0,0,0,0,1,0,0,0,0,0,0,0,0,1
2,0,1,28.0,0,0,-0.3826035594803265,1,0,0,1,0,0,0,0,0,1,0,0,0,0,0,0,0,0,1
2,1,1,20.0,0,0,-0.37559722291527464,0,0,0,1,0,0,0,1,0,0,0,0,0,1,0,0,0,0,0
2,1,0,29.0,0,0,-0.4405870345014455,0,0,0,0,1,0,0,0,0,1,0,0,0,0,0,1,0,0,0
2,0,1,39.0,0,0,-0.3922674719838463,1,0,0,1,0,0,0,0,0,1,0,0,0,0,0,0,0,0,1
2,1,1,22.0,0,0,-0.4405870345014455,0,0,0,1,0,0,0,0,0,1,0,0,0,0,0,0,0,0,1
2,1,1,28.0,0,0,-0.37559722291527464,0,0,0,1,0,0,0,1,0,0,0,0,0,0,0,0,0,0,1
2,0,1,23.0,0,0,-0.4405870345014455,1,0,0,0,0,1,0,0,0,1,0,0,0,0,0,0,0,0,1
2,1,1,29.0,0,0,-0.3756783997803042,0,0,0,1,0,0,0,1,0,0,0,0,0,0,0,0,0,0,1
2,0,1,28.0,0,0,-0.4405870345014455,1,0,0,1,0,0,0,0,0,1,0,0,0,0,0,0,0,0,1
2,0,1,28.0,0,0,-0.6435291970753619,1,0,0,1,0,0,0,0,0,1,0,0,0,0,0,0,0,0,1
2,1,0,50.0,0,1,-0.1410057468923307,0,0,0,0,1,0,0,0,0,1,0,0,0,0,0,0,0,0,1
2,0,1,19.0,0,0,-0.4405870345014455,1,0,0,1,0,0,0,0,0,1,0,0,0,0,0,0,0,0,1
2,0,1,28.0,0,0,-0.352645430719415,1,0,0,1,0,0,0,1,0,0,0,0,0,0,0,0,0,0,1
2,0,1,41.0,0,0,-0.3922674719838463,1,0,0,0,0,1,0,0,0,1,0,0,0,0,0,0,0,0,1
2,1,0,21.0,0,1,-0.237644871927529,0,0,1,0,0,0,0,0,0,1,0,0,0,0,0,0,0,0,1
2,1,0,19.0,0,0,-0.1410057468923307,0,0,1,0,0,0,0,0,0,1,0,0,0,0,0,0,0,0,1
2,0,1,43.0,0,1,-0.237644871927529,1,0,0,1,0,0,0,0,0,1,0,0,0,0,0,0,0,0,1
2,1,0,32.0,0,0,-0.3922674719838463,0,0,0,0,1,0,0,0,0,1,0,0,0,0,0,0,0,0,1
2,0,1,34.0,0,0,-0.3922674719838463,1,0,0,1,0,0,0,0,0,1,0,0,0,0,0,0,0,0,1
2,1,1,30.0,0,0,-0.3973410260481942,0,0,0,1,0,0,0,1,0,0,0,0,0,0,0,0,0,0,1
2,0,1,27.0,0,0,-0.35296820539703255,1,0,0,1,0,0,0,1,0,0,0,0,0,0,0,0,0,0,1
2,1,0,2.0,1,1,-0.1410057468923307,0,0,1,0,0,0,0,0,0,1,0,0,0,0,0,0,0,0,1
2,1,0,8.0,1,1,-0.1410057468923307,0,0,1,0,0,0,0,0,0,1,0,0,0,0,0,0,0,0,1
2,1,0,33.0,0,2,-0.1410057468923307,0,0,0,0,1,0,0,0,0,1,0,0,0,0,0,0,0,0,1
2,0,1,36.0,0,0,-0.4405870345014455,1,0,0,1,0,0,0,0,0,1,0,0,0,0,0,0,0,0,1
2,0,1,34.0,1,0,-0.237644871927529,1,0,0,1,0,0,0,0,0,1,0,0,0,0,0,0,0,0,1
2,1,0,30.0,3,0,-0.237644871927529,0,0,0,0,1,0,0,0,0,1,0,0,0,0,0,0,0,0,1
2,1,0,28.0,0,0,-0.3922674719838463,0,0,0,0,1,0,0,0,0,1,0,0,0,0,0,0,0,0,1
2,0,1,23.0,0,0,-0.3527266075844446,1,0,0,1,0,0,0,1,0,0,0,0,0,0,0,0,0,0,1
2,1,1,0.8333,1,1,-0.2811324781933683,0,1,0,0,0,0,0,0,0,1,0,0,0,0,0,0,0,0,1
2,1,1,3.0,1,1,-0.2811324781933683,0,1,0,0,0,0,0,0,0,1,0,0,0,0,0,0,0,0,1
2,1,0,24.0,2,3,-0.2811324781933683,0,0,0,0,1,0,0,0,0,1,0,0,0,0,0,0,0,0,1
2,1,0,50.0,0,0,-0.4405870345014455,0,0,1,0,0,0,0,0,0,1,0,0,0,0,0,0,0,0,1
2,0,1,19.0,0,0,-0.4405870345014455,1,0,0,1,0,0,0,0,0,1,0,0,0,0,0,0,0,0,1
2,1,0,21.0,0,0,-0.4405870345014455,0,0,1,0,0,0,0,0,0,1,0,0,0,0,0,0,0,0,1
2,0,1,26.0,0,0,-0.3922674719838463,1,0,0,1,0,0,0,0,0,1,0,0,0,0,0,0,0,0,1
2,0,1,25.0,0,0,-0.3922674719838463,1,0,0,1,0,0,0,0,0,1,0,0,0,0,0,0,0,0,1
2,0,1,27.0,0,0,-0.1410057468923307,1,0,0,1,0,0,0,0,0,1,0,0,0,0,0,0,0,0,1
2,1,0,25.0,0,1,-0.1410057468923307,0,0,0,0,1,0,0,0,0,1,0,0,0,0,0,0,0,0,1
2,1,0,18.0,0,2,-0.3922674719838463,0,0,1,0,0,0,0,0,0,1,0,0,0,0,0,0,0,0,1
2,1,0,20.0,0,0,0.0667683719333457,0,0,1,0,0,0,0,0,0,1,0,0,0,0,0,0,0,0,1
2,1,0,30.0,0,0,-0.3922674719838463,0,0,1,0,0,0,0,0,0,1,0,0,0,0,0,0,0,0,1
2,0,1,59.0,0,0,-0.3826035594803265,1,0,0,1,0,0,0,0,0,1,0,0,0,0,0,0,0,0,1
2,1,0,30.0,0,0,-0.40483055823842207,0,0,1,0,0,0,0,0,1,0,0,0,0,0,0,0,0,0,1
2,0,1,35.0,0,0,-0.4405870345014455,1,0,0,1,0,0,0,0,0,1,0,0,0,0,0,0,0,0,1
2,1,0,40.0,0,0,-0.3922674719838463,0,0,1,0,0,0,0,0,0,1,0,0,0,0,0,0,0,0,1
2,0,1,25.0,0,0,-0.3922674719838463,1,0,0,1,0,0,0,0,0,1,0,0,0,0,0,0,0,0,1
2,0,1,41.0,0,0,-0.3527266075844446,1,0,0,1,0,0,0,1,0,0,0,0,0,0,0,0,0,0,1
2,0,1,25.0,0,0,-0.4405870345014455,1,0,0,1,0,0,0,0,0,1,0,0,0,0,0,0,0,0,1
2,0,1,18.5,0,0,-0.3922674719838463,1,0,0,1,0,0,0,0,0,1,0,0,0,0,0,1,0,0,0
2,0,1,14.0,0,0,0.6127794283822162,1,0,0,1,0,0,0,0,0,1,0,0,0,0,0,0,0,0,1
2,1,0,50.0,0,0,-0.4405870345014455,0,0,1,0,0,0,0,0,0,1,0,0,0,0,0,0,0,0,1
2,0,1,23.0,0,0,-0.3922674719838463,1,0,0,1,0,0,0,0,0,1,0,0,0,0,0,0,0,0,1
2,1,0,28.0,0,0,-0.39903221073631023,0,0,0,0,1,0,0,0,0,1,0,0,0,0,0,0,0,0,1
2,1,0,27.0,0,0,-0.4405870345014455,0,0,1,0,0,0,0,0,0,1,0,0,0,0,1,0,0,0,0
2,0,1,29.0,1,0,-0.237644871927529,1,0,0,1,0,0,0,0,0,1,0,0,0,0,0,0,0,0,1
2,0,0,27.0,1,0,-0.237644871927529,1,0,0,0,1,0,0,0,0,1,0,0,0,0,0,0,0,0,1
2,0,1,40.0,0,0,-0.3922674719838463,1,0,0,1,0,0,0,0,0,1,0,0,0,0,0,0,0,0,1
2,1,0,31.0,0,0,-0.237644871927529,0,0,1,0,0,0,0,0,0,1,0,0,0,0,0,0,0,0,1
2,0,1,30.0,1,0,-0.237644871927529,1,0,0,1,0,0,0,0,0,1,0,0,0,0,0,0,0,0,1
2,0,1,23.0,1,0,-0.4405870345014455,1,0,0,1,0,0,0,0,0,1,0,0,0,0,0,0,0,0,1
2,1,0,31.0,0,0,-0.237644871927529,0,0,0,0,1,0,0,0,0,1,0,0,0,0,0,0,0,0,1
2,0,1,28.0,0,0,-0.6435291970753619,1,0,0,1,0,0,0,0,0,1,0,0,0,0,0,0,0,0,1
2,1,0,12.0,0,0,-0.3391159532144873,0,0,1,0,0,0,0,0,0,1,0,0,0,0,0,0,0,0,1
2,1,0,40.0,0,0,-0.3391159532144873,0,0,0,0,1,0,0,0,0,1,0,0,0,0,0,0,0,0,1
2,1,0,32.5,0,0,-0.3922674719838463,0,0,1,0,0,0,0,0,0,1,0,0,0,0,1,0,0,0,0
2,0,1,27.0,1,0,-0.1410057468923307,1,0,0,1,0,0,0,0,0,1,0,0,0,0,0,0,0,0,1
2,1,0,29.0,1,0,-0.1410057468923307,0,0,0,0,1,0,0,0,0,1,0,0,0,0,0,0,0,0,1
2,1,1,2.0,1,1,-0.1989892219134497,0,1,0,0,0,0,0,0,0,1,0,0,0,0,0,0,0,0,1
2,1,0,4.0,1,1,-0.1989892219134497,0,0,1,0,0,0,0,0,0,1,0,0,0,0,0,0,0,0,1
2,1,0,29.0,0,2,-0.1989892219134497,0,0,0,0,1,0,0,0,0,1,0,0,0,0,0,0,0,0,1
2,1,0,0.9167,1,2,-0.10718205313001128,0,0,1,0,0,0,0,0,0,1,0,0,0,0,0,0,0,0,1
2,1,0,5.0,1,2,-0.10718205313001128,0,0,1,0,0,0,0,0,0,1,0,0,0,0,0,0,0,0,1
2,0,1,36.0,1,2,-0.10718205313001128,1,0,0,1,0,0,0,0,0,1,0,0,0,0,0,0,0,0,1
2,1,0,33.0,1,2,-0.10718205313001128,0,0,0,0,1,0,0,0,0,1,0,0,0,0,0,0,0,0,1
2,0,1,66.0,0,0,-0.4405870345014455,1,0,0,1,0,0,0,0,0,1,0,0,0,0,0,0,0,0,1
2,0,1,28.0,0,0,-0.3946834501097263,1,0,0,1,0,0,0,0,0,1,0,0,0,0,0,0,0,0,1
2,1,1,31.0,0,0,-0.3922674719838463,0,0,0,1,0,0,0,0,0,1,0,0,0,0,0,0,0,0,1
2,1,1,28.0,0,0,-0.3922674719838463,0,0,0,1,0,0,0,0,0,1,0,0,0,0,0,0,0,0,1
2,1,0,26.0,0,0,-0.3826035594803265,0,0,1,0,0,0,0,0,0,1,0,0,0,0,0,0,0,0,1
2,0,0,24.0,0,0,-0.3922674719838463,1,0,1,0,0,0,0,0,0,1,0,0,0,0,0,0,0,0,1
3,0,1,42.0,0,0,-0.4976041182722125,1,0,0,1,0,0,0,0,0,1,0,0,0,0,0,0,0,0,1
3,0,1,13.0,0,2,-0.2521407406828088,1,1,0,0,0,0,0,0,0,1,0,0,0,0,0,0,0,0,1
3,0,1,16.0,1,1,-0.2521407406828088,1,0,0,1,0,0,0,0,0,1,0,0,0,0,0,0,0,0,1
3,1,0,35.0,1,1,-0.2521407406828088,0,0,0,0,1,0,0,0,0,1,0,0,0,0,0,0,0,0,1
3,1,0,16.0,0,0,-0.49567133577150857,0,0,1,0,0,0,0,0,0,1,0,0,0,0,0,0,0,0,1
3,1,1,25.0,0,0,-0.49567133577150857,0,0,0,1,0,0,0,0,0,1,0,0,0,0,0,1,0,0,0
3,1,1,20.0,0,0,-0.49035618389457264,0,0,0,1,0,0,0,0,0,1,0,0,0,0,0,0,0,0,1
3,1,0,18.0,0,0,-0.5038044845344709,0,0,0,0,1,0,0,1,0,0,0,0,0,0,0,0,0,0,1
3,0,1,30.0,0,0,-0.5034024657743245,1,0,0,1,0,0,0,0,0,1,0,0,0,0,0,0,0,0,1
3,0,1,26.0,0,0,-0.4879402057686927,1,0,0,1,0,0,0,0,0,1,0,0,0,0,0,0,0,0,1
3,0,0,40.0,1,0,-0.4603980551336611,1,0,0,0,1,0,0,0,0,1,0,0,0,0,0,0,0,0,1
3,1,1,0.8333,0,1,-0.46281403325954107,0,1,0,0,0,0,0,0,0,1,0,0,0,0,0,0,0,0,1
3,1,0,18.0,0,1,-0.46281403325954107,0,0,0,0,1,0,0,0,0,1,0,0,0,0,0,0,0,0,1
3,1,1,26.0,0,0,-0.28040768475560424,0,0,0,1,0,0,0,1,0,0,0,0,0,0,0,0,0,0,1
3,0,1,26.0,0,0,-0.49108097733233663,1,0,0,1,0,0,0,0,0,1,0,0,0,0,0,0,0,0,1
3,0,1,20.0,0,0,-0.49035618389457264,1,0,0,1,0,0,0,0,0,1,0,0,0,0,0,0,0,0,1
3,0,1,24.0,0,0,-0.5072680307757323,1,0,0,1,0,0,0,0,0,1,0,0,0,0,0,0,0,0,1
3,0,1,25.0,0,0,-0.5072680307757323,1,0,0,1,0,0,0,0,0,1,0,0,0,0,0,0,0,0,1
3,0,1,35.0,0,0,-0.4879402057686927,1,0,0,1,0,0,0,0,0,1,0,0,0,0,0,0,0,0,1
3,0,1,18.0,0,0,-0.48310824951693276,1,0,0,1,0,0,0,0,0,1,0,0,0,0,0,0,0,0,1
3,0,1,32.0,0,0,-0.20816993879179355,1,0,0,1,0,0,0,0,0,1,0,0,0,0,0,0,0,0,1
3,1,0,19.0,1,0,-0.49172459390507106,0,0,1,0,0,0,0,0,0,1,0,0,0,0,0,0,0,0,1
3,0,1,4.0,4,2,-0.039051469980196485,1,1,0,0,0,0,0,0,0,1,0,0,0,0,0,0,0,0,1
3,0,0,6.0,4,2,-0.039051469980196485,1,0,1,0,0,0,0,0,0,1,0,0,0,0,0,0,0,0,1
3,0,0,2.0,4,2,-0.039051469980196485,1,0,1,0,0,0,0,0,0,1,0,0,0,0,0,0,0,0,1
3,1,0,17.0,4,2,-0.49035618389457264,0,0,1,0,0,0,0,0,0,1,0,0,0,0,0,0,0,0,1
3,0,0,38.0,4,2,-0.4932553576456286,1,0,1,0,0,0,0,0,0,1,0,0,0,0,0,0,0,0,1
3,0,0,9.0,4,2,-0.039051469980196485,1,0,1,0,0,0,0,0,0,1,0,0,0,0,0,0,0,0,1
3,0,0,11.0,4,2,-0.039051469980196485,1,0,1,0,0,0,0,0,0,1,0,0,0,0,0,0,0,0,1
3,0,1,39.0,1,5,-0.039051469980196485,1,0,0,1,0,0,0,0,0,1,0,0,0,0,0,0,0,0,1
3,1,1,27.0,0,0,-0.49285333888548216,0,0,0,1,0,0,0,0,0,1,0,0,0,0,0,0,0,0,1
3,0,1,26.0,0,0,-0.4932553576456286,1,0,0,1,0,0,0,0,0,1,0,0,0,0,0,0,0,0,1
3,0,0,39.0,1,5,-0.039051469980196485,1,0,0,0,1,0,0,0,0,1,0,0,0,0,0,0,0,0,1
3,0,1,20.0,0,0,-0.49172459390507106,1,0,0,1,0,0,0,0,0,1,0,0,0,0,0,0,0,0,1
3,0,1,26.0,0,0,-0.49092055638477816,1,0,0,1,0,0,0,0,0,1,0,0,0,0,0,0,0,0,1
3,0,1,25.0,1,0,-0.2994939119500559,1,0,0,1,0,0,0,0,0,1,0,0,0,0,0,0,0,0,1
3,0,0,18.0,1,0,-0.2994939119500559,1,0,0,0,1,0,0,0,0,1,0,0,0,0,0,0,0,0,1
3,0,1,24.0,0,0,-0.4932553576456286,1,0,0,1,0,0,0,0,0,1,0,0,0,0,0,0,0,0,1
3,0,1,35.0,0,0,-0.5072680307757323,1,0,0,1,0,0,0,0,0,1,0,0,0,0,0,0,0,0,1
3,0,1,5.0,4,2,-0.03687708966690451,1,1,0,0,0,0,0,0,0,1,0,0,0,0,0,0,0,0,1
3,0,1,9.0,4,2,-0.03687708966690451,1,1,0,0,0,0,0,0,0,1,0,0,0,0,0,0,0,0,1
3,1,1,3.0,4,2,-0.03687708966690451,0,1,0,0,0,0,0,0,0,1,0,0,0,0,0,0,0,0,1
3,0,1,13.0,4,2,-0.03687708966690451,1,1,0,0,0,0,0,0,0,1,0,0,0,0,0,0,0,0,1
3,1,0,5.0,4,2,-0.03687708966690451,0,0,1,0,0,0,0,0,0,1,0,0,0,0,0,0,0,0,1
3,0,1,40.0,1,5,-0.03687708966690451,1,0,0,1,0,0,0,0,0,1,0,0,0,0,0,0,0,0,1
3,1,1,23.0,0,0,-0.49285333888548216,0,0,0,1,0,0,0,0,0,1,0,0,0,0,0,0,0,0,1
3,1,0,38.0,1,5,-0.03687708966690451,0,0,0,0,1,0,0,0,0,1,0,0,0,0,0,0,0,0,1
3,1,0,45.0,0,0,-0.5038856613995004,0,0,0,0,1,0,0,1,0,0,0,0,0,0,0,0,0,0,1
3,0,1,21.0,0,0,-0.5038856613995004,1,0,0,1,0,0,0,1,0,0,0,0,0,0,0,0,0,0,1
3,0,1,23.0,0,0,-0.5072680307757323,1,0,0,1,0,0,0,0,0,1,0,0,0,0,0,0,0,0,1
3,0,0,17.0,0,0,-0.3640817047760804,1,0,1,0,0,0,0,1,0,0,0,0,0,0,0,0,0,0,1
3,0,1,30.0,0,0,-0.5038856613995004,1,0,0,1,0,0,0,1,0,0,0,0,0,0,0,0,0,0,1
3,0,1,23.0,0,0,-0.49172459390507106,1,0,0,1,0,0,0,0,0,1,0,0,0,0,0,0,0,0,1
3,1,0,13.0,0,0,-0.5038044845344709,0,0,1,0,0,0,0,1,0,0,0,0,0,0,0,0,0,0,1
3,0,1,20.0,0,0,-0.5038856613995004,1,0,0,1,0,0,0,1,0,0,0,0,0,0,0,0,0,0,1
3,0,1,32.0,1,0,-0.3371831707137833,1,0,0,1,0,0,0,0,0,1,0,0,0,0,0,0,0,0,1
3,1,0,33.0,3,0,-0.3371831707137833,0,0,0,0,1,0,0,0,0,1,0,0,0,0,0,0,0,0,1
3,1,0,0.75,2,1,-0.27130814474229004,0,0,1,0,0,0,0,1,0,0,0,0,0,0,0,0,0,0,1
3,1,0,0.75,2,1,-0.27130814474229004,0,0,1,0,0,0,0,1,0,0,0,0,0,0,0,0,0,0,1
3,1,0,5.0,2,1,-0.27130814474229004,0,0,1,0,0,0,0,1,0,0,0,0,0,0,0,0,0,0,1
3,1,0,24.0,0,3,-0.27130814474229004,0,0,0,0,1,0,0,1,0,0,0,0,0,0,0,0,0,0,1
3,1,0,18.0,0,0,-0.4879402057686927,0,0,1,0,0,0,0,0,0,1,0,0,0,0,0,0,0,0,1
3,0,1,40.0,0,0,-0.5038856613995004,1,0,0,1,0,0,0,1,0,0,0,0,0,0,0,0,0,0,1
3,0,1,26.0,0,0,-0.49092055638477816,1,0,0,1,0,0,0,0,0,1,0,0,0,0,0,0,0,0,1
3,1,1,20.0,0,0,-0.5038044845344709,0,0,0,1,0,0,0,1,0,0,0,0,0,0,0,0,0,0,1
3,0,0,18.0,0,1,-0.3641609488586093,1,0,1,0,0,0,0,1,0,0,0,0,0,0,0,0,0,0,1
3,0,0,45.0,0,1,-0.3641609488586093,1,0,0,0,1,0,0,1,0,0,0,0,0,0,0,0,0,0,1
3,0,0,27.0,0,0,-0.49124139827989505,1,0,1,0,0,0,0,0,1,0,0,0,0,0,0,0,0,0,1
3,0,1,22.0,0,0,-0.4879402057686927,1,0,0,1,0,0,0,0,0,1,0,0,0,0,0,0,0,0,1
3,0,1,19.0,0,0,-0.4879402057686927,1,0,0,1,0,0,0,0,0,1,0,0,0,0,0,0,0,0,1
3,0,1,26.0,0,0,-0.4932553576456286,1,0,0,1,0,0,0,0,0,1,0,0,0,0,0,0,0,0,1
3,0,1,22.0,0,0,-0.46281403325954107,1,0,0,1,0,0,0,0,0,1,0,0,0,0,0,0,0,0,1
3,0,1,28.0,0,0,-0.5038044845344709,1,1,0,0,0,0,0,1,0,0,0,0,0,0,0,0,0,0,1
3,0,1,20.0,0,0,-0.5659762992346153,1,0,0,1,0,0,0,1,0,0,0,0,0,0,0,0,0,0,1
3,1,1,32.0,0,0,0.4484117389573496,0,0,0,1,0,0,0,0,0,1,0,0,0,0,0,0,0,0,1
3,0,1,21.0,0,0,-0.4932553576456286,1,0,0,1,0,0,0,0,0,1,0,0,0,0,0,0,0,0,1
3,0,1,18.0,0,0,-0.49373855327080457,1,0,0,1,0,0,0,0,0,1,0,0,0,0,0,0,0,0,1
3,0,1,26.0,0,0,-0.49092055638477816,1,0,0,1,0,0,0,0,0,1,0,0,0,0,0,0,0,0,1
3,0,1,6.0,1,1,-0.3488610425830367,1,1,0,0,0,0,0,1,0,0,0,0,0,0,0,0,0,0,1
3,0,0,9.0,1,1,-0.3488610425830367,1,0,1,0,0,0,0,1,0,0,0,0,0,0,0,0,0,0,1
3,0,1,28.0,0,0,-0.5038856613995004,1,0,0,1,0,0,0,1,0,0,0,0,0,0,0,0,0,0,1
3,0,0,28.0,0,2,-0.3488610425830367,1,0,0,0,1,0,0,1,0,0,0,0,0,0,0,0,0,0,1
3,0,0,28.0,0,2,-0.49373855327080457,1,0,1,0,0,0,0,0,1,0,0,0,0,0,0,0,0,0,1
3,0,1,40.0,1,1,-0.3439479094662472,1,0,0,1,0,0,0,0,1,0,0,0,0,0,0,0,0,0,1
3,0,0,32.0,1,1,-0.3439479094662472,1,0,0,0,1,0,0,0,1,0,0,0,0,0,0,0,0,0,1
3,0,1,21.0,0,0,-0.33235121446202337,1,0,0,1,0,0,0,0,0,1,0,0,0,0,0,0,0,0,1
3,1,0,22.0,0,0,-0.49422174889598053,0,0,1,0,0,0,0,0,1,0,0,0,0,0,0,0,0,0,1
3,0,0,20.0,0,0,-0.49172459390507106,1,0,1,0,0,0,0,0,0,1,0,0,0,0,0,0,0,0,1
3,0,1,29.0,1,0,-0.507349207640762,1,0,0,1,0,0,0,0,0,1,0,0,0,0,0,0,0,0,1
3,0,1,22.0,1,0,-0.5034024657743245,1,0,0,1,0,0,0,0,0,1,0,0,0,0,0,0,0,0,1
3,0,1,22.0,0,0,-0.49285333888548216,1,0,0,1,0,0,0,0,0,1,0,0,0,0,0,0,0,0,1
3,0,1,35.0,0,0,-0.4879402057686927,1,0,0,1,0,0,0,0,0,1,0,0,0,0,0,0,0,0,1
3,0,0,18.5,0,0,-0.50275884920159,1,0,1,0,0,0,0,0,1,0,0,0,0,0,0,0,0,0,1
3,1,1,21.0,0,0,-0.4923701432603062,0,0,0,1,0,0,0,0,1,0,0,0,0,0,0,0,0,0,1
3,0,1,19.0,0,0,-0.5130663782778443,1,0,0,1,0,0,0,0,1,0,0,0,0,0,0,0,0,0,1
3,0,0,18.0,0,0,-0.49124139827989505,1,0,1,0,0,0,0,0,1,0,0,0,0,0,0,0,0,0,1
3,0,0,21.0,0,0,-0.47610191295188087,1,0,1,0,0,0,0,0,0,1,0,0,0,0,0,0,0,0,1
3,0,0,30.0,0,0,-0.47610191295188087,1,0,1,0,0,0,0,0,0,1,0,0,0,0,0,0,0,0,1
3,0,1,18.0,0,0,-0.47610191295188087,1,0,0,1,0,0,0,0,0,1,0,0,0,0,0,0,0,0,1
3,0,1,38.0,0,0,-0.47610191295188087,1,0,0,1,0,0,0,0,0,1,0,0,0,0,0,0,0,0,1
3,0,1,17.0,0,0,-0.47610191295188087,1,0,0,1,0,0,0,0,0,1,0,0,0,0,0,0,0,0,1
3,0,1,17.0,0,0,-0.47610191295188087,1,0,0,1,0,0,0,0,0,1,0,0,0,0,0,0,0,0,1
3,0,0,21.0,0,0,-0.49373855327080457,1,0,1,0,0,0,0,0,1,0,0,0,0,0,0,0,0,0,1
3,0,1,21.0,0,0,-0.49373855327080457,1,0,0,1,0,0,0,0,1,0,0,0,0,0,0,0,0,0,1
3,0,1,21.0,0,0,-0.4879402057686927,1,0,0,1,0,0,0,0,0,1,0,0,0,0,0,0,0,0,1
3,0,1,28.0,1,0,-0.3640817047760804,1,0,0,1,0,0,0,1,0,0,0,0,0,0,0,0,0,0,1
3,0,0,28.0,1,0,-0.3640817047760804,1,0,0,0,1,0,0,1,0,0,0,0,0,0,0,0,0,0,1
3,0,1,28.0,0,0,-0.49285333888548216,1,0,0,1,0,0,0,0,0,1,0,0,0,0,0,0,0,0,1
3,0,1,24.0,0,0,-0.49172459390507106,1,0,0,1,0,0,0,0,0,1,0,0,0,0,0,0,0,0,1
3,1,0,16.0,0,0,-0.49373855327080457,0,0,1,0,0,0,0,0,1,0,0,0,0,0,0,0,0,0,1
3,0,0,37.0,0,0,-0.49373855327080457,1,0,1,0,0,0,0,0,1,0,0,0,0,0,0,0,0,0,1
3,0,1,28.0,0,0,-0.5034024657743245,1,0,0,1,0,0,0,0,0,1,0,0,0,0,0,0,0,0,1
3,0,1,24.0,0,0,-0.4879402057686927,1,0,0,1,0,0,0,0,0,1,0,0,0,0,0,0,0,0,1
3,0,1,21.0,0,0,-0.49406132794842217,1,0,0,1,0,0,0,0,1,0,0,0,0,0,0,0,0,0,1
3,1,1,32.0,0,0,0.4484117389573496,0,0,0,1,0,0,0,0,0,1,0,0,0,0,0,0,0,0,1
3,0,1,29.0,0,0,-0.4879402057686927,1,0,0,1,0,0,0,0,0,1,0,0,0,0,0,0,0,0,1
3,0,1,26.0,1,0,-0.3641609488586093,1,0,0,1,0,0,0,1,0,0,0,0,0,0,0,0,0,0,1
3,0,1,18.0,1,0,-0.3641609488586093,1,0,0,1,0,0,0,1,0,0,0,0,0,0,0,0,0,0,1
3,0,1,20.0,0,0,-0.5072680307757323,1,0,0,1,0,0,0,0,0,1,0,0,0,0,0,0,0,0,1
3,1,1,18.0,0,0,-0.4879402057686927,0,0,0,1,0,0,0,0,0,1,0,0,0,0,0,0,0,0,1
3,0,1,24.0,0,0,-0.5034024657743245,1,0,0,1,0,0,0,0,1,0,0,0,0,0,0,0,0,0,1
3,0,1,36.0,0,0,-0.4986516863875941,1,0,0,1,0,0,0,0,0,1,0,0,0,0,0,0,0,0,1
3,0,1,24.0,0,0,-0.4986516863875941,1,0,0,1,0,0,0,0,0,1,0,0,0,0,0,0,0,0,1
3,0,1,31.0,0,0,-0.49406132794842217,1,0,0,1,0,0,0,0,1,0,0,0,0,0,0,0,0,0,1
3,0,1,31.0,0,0,-0.49373855327080457,1,0,0,1,0,0,0,0,1,0,0,0,0,0,0,0,0,0,1
3,1,0,22.0,0,0,-0.49373855327080457,0,0,1,0,0,0,0,0,1,0,0,0,0,0,0,0,0,0,1
3,0,0,30.0,0,0,-0.49607335453165496,1,0,1,0,0,0,0,0,1,0,0,0,0,0,0,0,0,0,1
3,0,1,70.5,0,0,-0.49373855327080457,1,0,0,1,0,0,0,0,1,0,0,0,0,0,0,0,0,0,1
3,0,1,43.0,0,0,-0.4879402057686927,1,0,0,1,0,0,0,0,0,1,0,0,0,0,0,0,0,0,1
3,0,1,35.0,0,0,-0.49092055638477816,1,0,0,1,0,0,0,0,0,1,0,0,0,0,0,0,0,0,1
3,0,1,27.0,0,0,-0.49092055638477816,1,0,0,1,0,0,0,0,0,1,0,0,0,0,0,0,0,0,1
3,0,1,19.0,0,0,-0.49092055638477816,1,0,0,1,0,0,0,0,0,1,0,0,0,0,0,0,0,0,1
3,0,1,30.0,0,0,-0.4879402057686927,1,0,0,1,0,0,0,0,0,1,0,0,0,0,0,0,0,0,1
3,1,1,9.0,1,1,-0.3362167794634313,0,1,0,0,0,0,0,0,0,1,0,0,0,0,0,0,0,0,1
3,1,1,3.0,1,1,-0.3362167794634313,0,1,0,0,0,0,0,0,0,1,0,0,0,0,0,0,0,0,1
3,1,0,36.0,0,2,-0.3362167794634313,0,0,0,0,1,0,0,0,0,1,0,0,0,0,0,0,0,0,1
3,0,1,59.0,0,0,-0.5034024657743245,1,0,0,1,0,0,0,0,0,1,0,0,0,0,0,0,0,0,1
3,0,1,19.0,0,0,-0.48584700232043027,1,0,0,1,0,0,0,0,0,1,0,0,0,0,0,0,0,0,1
3,1,0,17.0,0,1,-0.33235121446202337,0,0,1,0,0,0,0,0,0,1,0,0,0,0,0,0,0,0,1
3,0,1,44.0,0,1,-0.33235121446202337,1,0,0,1,0,0,0,0,0,1,0,0,0,0,0,0,0,0,1
3,0,1,17.0,0,0,-0.47610191295188087,1,0,0,1,0,0,0,0,0,1,0,0,0,0,0,0,0,0,1
3,0,1,22.5,0,0,-0.5038856613995004,1,0,0,1,0,0,0,1,0,0,0,0,0,0,0,0,0,0,1
3,1,1,45.0,0,0,-0.4879402057686927,0,0,0,1,0,0,0,0,0,1,0,0,0,0,0,0,0,0,1
3,0,0,22.0,0,0,-0.44026425982382794,1,0,1,0,0,0,0,0,0,1,0,0,0,0,0,0,0,0,1
3,0,1,19.0,0,0,-0.44694975449376295,1,0,0,1,0,0,0,0,0,1,0,0,0,0,0,0,0,0,1
3,1,0,30.0,0,0,-0.5092008132764363,0,0,1,0,0,0,0,0,1,0,0,0,0,0,0,0,0,0,1
3,1,1,29.0,0,0,-0.49373855327080457,0,0,0,1,0,0,0,0,1,0,0,0,0,0,0,0,0,0,1
3,0,1,0.3333,0,2,-0.3652085169739908,1,1,0,0,0,0,0,0,0,1,0,0,0,0,0,0,0,0,1
3,0,1,34.0,1,1,-0.3652085169739908,1,0,0,1,0,0,0,0,0,1,0,0,0,0,0,0,0,0,1
3,0,0,28.0,1,1,-0.3652085169739908,1,0,0,0,1,0,0,0,0,1,0,0,0,0,0,0,0,0,1
3,0,1,27.0,0,0,-0.49092055638477816,1,0,0,1,0,0,0,0,0,1,0,0,0,0,0,0,0,0,1
3,0,1,25.0,0,0,-0.49092055638477816,1,0,0,1,0,0,0,0,0,1,0,0,0,0,0,0,0,0,1
3,0,1,24.0,2,0,-0.17676222315535411,1,0,0,1,0,0,0,0,0,1,0,0,0,0,0,0,0,0,1
3,0,1,22.0,0,0,-0.4879402057686927,1,0,0,1,0,0,0,0,0,1,0,0,0,0,0,0,0,0,1
3,0,1,21.0,2,0,-0.17676222315535411,1,0,0,1,0,0,0,0,0,1,0,0,0,0,0,0,0,0,1
3,0,1,17.0,2,0,-0.4879402057686927,1,0,0,1,0,0,0,0,0,1,0,0,0,0,0,0,0,0,1
3,0,1,28.0,1,0,-0.33235121446202337,1,0,0,1,0,0,0,0,0,1,0,0,0,0,0,0,0,0,1
3,1,0,28.0,1,0,-0.33235121446202337,0,0,0,0,1,0,0,0,0,1,0,0,0,0,0,0,0,0,1
3,1,1,36.5,1,0,-0.3072250419528718,0,0,0,1,0,0,0,0,0,1,0,0,0,0,0,0,0,0,1
3,1,0,36.0,1,0,-0.3072250419528718,0,0,0,0,1,0,0,0,0,1,0,0,0,0,0,0,0,0,1
3,1,1,30.0,0,0,-0.45991485950848515,0,0,0,1,0,0,0,0,0,1,0,0,0,0,0,0,0,0,1
3,0,1,16.0,0,0,-0.45991485950848515,1,0,0,1,0,0,0,0,0,1,0,0,0,0,0,0,0,0,1
3,1,1,1.0,1,2,-0.24585919755552088,0,1,0,0,0,0,0,0,0,1,0,0,0,0,0,0,0,0,1
3,1,0,0.1667,1,2,-0.24585919755552088,0,0,1,0,0,0,0,0,0,1,0,0,0,0,0,0,0,0,1
3,0,1,26.0,1,2,-0.24585919755552088,1,0,0,1,0,0,0,0,0,1,0,0,0,0,0,0,0,0,1
3,1,0,33.0,1,2,-0.24585919755552088,0,0,0,0,1,0,0,0,0,1,0,0,0,0,0,0,0,0,1
3,0,1,25.0,0,0,-0.49092055638477816,1,0,0,1,0,0,0,0,0,1,0,0,0,0,0,0,0,0,1
3,0,1,28.0,0,0,-0.49092055638477816,1,0,0,1,0,0,0,0,0,1,0,0,0,0,0,0,0,0,1
3,0,1,28.0,0,0,-0.49092055638477816,1,0,0,1,0,0,0,0,0,1,0,0,0,0,0,0,0,0,1
3,0,1,22.0,0,0,-0.5034024657743245,1,0,0,1,0,0,0,0,0,1,0,0,0,0,0,0,0,0,1
3,0,1,36.0,0,0,-0.5034024657743245,1,0,0,1,0,0,0,0,0,1,0,0,0,0,0,0,0,0,1
3,1,0,19.0,0,0,-0.49124139827989505,0,0,1,0,0,0,0,0,1,0,0,0,0,0,0,0,0,0,1
3,0,1,17.0,0,0,-0.49092055638477816,1,0,0,1,0,0,0,0,0,1,0,0,0,0,0,0,0,0,1
3,0,1,42.0,0,0,-0.47610191295188087,1,0,0,1,0,0,0,0,0,1,0,0,0,0,0,0,0,0,1
3,0,1,43.0,0,0,-0.49092055638477816,1,0,0,1,0,0,0,0,0,1,0,0,0,0,0,0,0,0,1
3,0,1,28.0,0,0,-0.5038044845344709,1,0,0,1,0,0,0,1,0,0,0,0,0,0,0,0,0,0,1
3,0,1,32.0,0,0,-0.49373855327080457,1,0,0,1,0,0,0,0,1,0,0,0,0,0,0,0,0,0,1
3,1,1,19.0,0,0,-0.4879402057686927,0,0,0,1,0,0,0,0,0,1,0,0,0,0,0,0,0,0,1
3,1,0,30.0,0,0,-0.40241458011254216,0,0,1,0,0,0,0,0,0,1,0,0,0,0,0,0,0,0,1
3,0,0,24.0,0,0,-0.49373855327080457,1,0,1,0,0,0,0,0,1,0,0,0,0,0,0,0,0,0,1
3,1,0,23.0,0,0,-0.4879402057686927,0,0,1,0,0,0,0,0,0,1,0,0,0,0,0,0,0,0,1
3,0,1,33.0,0,0,-0.49092055638477816,1,0,0,1,0,0,0,1,0,0,0,0,0,0,0,0,0,0,1
3,0,1,65.0,0,0,-0.49373855327080457,1,0,0,1,0,0,0,0,1,0,0,0,0,0,0,0,0,0,1
3,1,1,24.0,0,0,-0.4976041182722125,0,0,0,1,0,0,0,0,0,1,0,0,0,0,0,0,0,0,1
3,0,1,23.0,1,0,-0.37487242947751065,1,0,0,1,0,0,0,0,0,1,0,0,0,0,0,0,0,0,1
3,1,0,22.0,1,0,-0.37487242947751065,0,0,0,0,1,0,0,0,0,1,0,0,0,0,0,0,0,0,1
3,0,1,18.0,0,0,-0.4932553576456286,1,0,0,1,0,0,0,0,0,1,0,0,0,0,0,0,0,0,1
3,0,1,16.0,0,0,-0.4932553576456286,1,0,0,1,0,0,0,0,0,1,0,0,0,0,0,0,0,0,1
3,0,1,45.0,0,0,-0.5087176176512603,1,0,0,1,0,0,0,0,0,1,0,0,0,0,0,0,0,0,1
3,0,1,28.0,0,0,-0.5038856613995004,1,0,0,1,0,0,0,1,0,0,0,0,0,0,0,0,0,0,1
3,0,1,39.0,0,2,-0.5038044845344709,1,0,0,1,0,0,0,1,0,0,0,0,0,0,0,0,0,0,1
3,0,1,17.0,1,1,-0.5038044845344709,1,0,0,1,0,0,0,1,0,0,0,0,0,0,0,0,0,0,1
3,0,1,15.0,1,1,-0.5038044845344709,1,0,0,1,0,0,0,1,0,0,0,0,0,0,0,0,0,0,1
3,0,1,47.0,0,0,-0.5034024657743245,1,0,0,1,0,0,0,0,0,1,0,0,0,0,0,0,0,0,1
3,1,0,5.0,0,0,-0.40241458011254216,0,0,1,0,0,0,0,0,0,1,0,0,0,0,0,0,0,0,1
3,0,1,28.0,0,0,-0.5038856613995004,1,0,0,1,0,0,0,1,0,0,0,0,0,0,0,0,0,0,1
3,0,1,40.5,0,0,-0.35167903946906304,1,0,0,1,0,0,0,0,0,1,0,0,0,0,0,0,0,0,1
3,0,1,40.5,0,0,-0.49373855327080457,1,0,0,1,0,0,0,0,1,0,0,0,0,0,0,0,0,0,1
3,1,1,28.0,0,0,-0.5072680307757323,0,0,0,1,0,0,0,0,0,1,0,0,0,0,0,0,0,0,1
3,0,1,18.0,0,0,-0.49285333888548216,1,0,0,1,0,0,0,0,0,1,0,0,0,0,0,0,0,0,1
3,0,0,28.0,0,0,-0.49373855327080457,1,0,1,0,0,0,0,0,1,0,0,0,0,0,0,0,0,0,1
3,0,1,28.0,0,0,-0.49373855327080457,1,0,0,1,0,0,0,0,1,0,0,0,0,0,0,0,0,0,1
3,0,1,28.0,0,0,-0.5092008132764363,1,0,0,1,0,0,0,0,1,0,0,0,0,0,0,0,0,0,1
3,0,1,26.0,0,0,-0.49124139827989505,1,0,0,1,0,0,0,0,1,0,0,0,0,0,0,0,0,0,1
3,0,1,28.0,0,0,-0.49373855327080457,1,0,0,1,0,0,0,0,1,0,0,0,0,0,0,0,0,0,1
3,1,1,28.0,0,0,0.4484117389573496,0,0,0,1,0,0,0,0,0,1,0,0,0,0,0,0,0,0,1
3,0,0,21.0,2,2,0.0208647875416265,1,0,1,0,0,0,0,0,0,1,0,0,0,0,0,0,0,0,1
3,0,0,9.0,2,2,0.0208647875416265,1,0,1,0,0,0,0,0,0,1,0,0,0,0,0,0,0,0,1
3,0,1,28.0,0,0,-0.4879402057686927,1,0,0,1,0,0,0,0,0,1,0,0,0,0,0,0,0,0,1
3,0,1,18.0,2,2,0.0208647875416265,1,0,0,1,0,0,0,0,0,1,0,0,0,0,0,0,0,0,1
3,0,1,16.0,1,3,0.0208647875416265,1,0,0,1,0,0,0,0,0,1,0,0,0,0,0,0,0,0,1
3,0,0,48.0,1,3,0.0208647875416265,1,0,0,0,1,0,0,0,0,1,0,0,0,0,0,0,0,0,1
3,0,1,28.0,0,0,-0.49373855327080457,1,0,0,1,0,0,0,0,1,0,0,0,0,0,0,0,0,0,1
3,0,1,28.0,0,0,-0.5034024657743245,1,0,0,1,0,0,0,0,0,1,0,0,0,0,0,0,0,0,1
3,0,1,25.0,0,0,-0.493898974218363,1,0,0,1,0,0,0,0,1,0,0,0,0,0,0,0,0,0,1
3,0,1,28.0,0,0,-0.3632757344732868,1,0,0,1,0,0,0,0,0,1,0,0,0,0,0,0,0,0,1
3,0,1,28.0,0,0,-0.49092055638477816,1,0,0,1,0,0,0,1,0,0,0,0,0,0,0,0,0,0,1
3,0,1,22.0,0,0,-0.4879402057686927,1,0,0,1,0,0,0,0,0,1,0,0,0,0,0,0,0,0,1
3,1,0,16.0,0,0,-0.49406132794842217,0,0,1,0,0,0,0,0,1,0,0,0,0,0,0,0,0,0,1
3,1,0,28.0,0,0,-0.49373855327080457,0,0,1,0,0,0,0,0,1,0,0,0,0,0,0,0,0,0,1
3,1,1,9.0,0,2,-0.24682558880587288,0,1,0,0,0,0,0,0,0,1,0,0,0,0,0,0,0,0,1
3,0,1,33.0,1,1,-0.24682558880587288,1,0,0,1,0,0,0,0,0,1,0,0,0,0,0,0,0,0,1
3,0,1,41.0,0,0,-0.49180577077010057,1,0,0,1,0,0,0,0,0,1,0,0,0,0,0,0,0,0,1
3,1,0,31.0,1,1,-0.24682558880587288,0,0,0,0,1,0,0,0,0,1,0,0,0,0,0,0,0,0,1
3,0,1,38.0,0,0,-0.5072680307757323,1,0,0,1,0,0,0,0,0,1,0,0,0,0,0,0,0,0,1
3,0,1,9.0,5,2,0.26294579575479826,1,1,0,0,0,0,0,0,0,1,0,0,0,0,0,0,0,0,1
3,0,1,1.0,5,2,0.26294579575479826,1,1,0,0,0,0,0,0,0,1,0,0,0,0,0,0,0,0,1
3,0,1,11.0,5,2,0.26294579575479826,1,1,0,0,0,0,0,0,0,1,0,0,0,0,0,0,0,0,1
3,0,0,10.0,5,2,0.26294579575479826,1,0,1,0,0,0,0,0,0,1,0,0,0,0,0,0,0,0,1
3,0,0,16.0,5,2,0.26294579575479826,1,0,1,0,0,0,0,0,0,1,0,0,0,0,0,0,0,0,1
3,0,1,14.0,5,2,0.26294579575479826,1,0,0,1,0,0,0,0,0,1,0,0,0,0,0,0,0,0,1
3,0,1,40.0,1,6,0.26294579575479826,1,0,0,1,0,0,0,0,0,1,0,0,0,0,0,0,0,0,1
3,0,0,43.0,1,6,0.26294579575479826,1,0,0,0,1,0,0,0,0,1,0,0,0,0,0,0,0,0,1
3,0,1,51.0,0,0,-0.4879402057686927,1,0,0,1,0,0,0,0,0,1,0,0,0,0,0,0,0,0,1
3,0,1,32.0,0,0,-0.48190026045399276,1,0,0,1,0,0,0,0,0,1,0,0,0,0,0,0,0,0,1
3,0,1,28.0,0,0,-0.4879402057686927,1,0,0,1,0,0,0,0,0,1,0,0,0,0,0,0,0,0,1
3,0,1,20.0,0,0,-0.45323129762105085,1,0,0,1,0,0,0,0,0,1,0,0,0,0,0,0,0,0,1
3,0,1,37.0,2,0,-0.49035618389457264,1,0,0,1,0,0,0,0,0,1,0,0,0,0,0,0,0,0,1
3,0,1,28.0,2,0,-0.49035618389457264,1,0,0,1,0,0,0,0,0,1,0,0,0,0,0,0,0,0,1
3,0,1,19.0,0,0,-0.4932553576456286,1,0,0,1,0,0,0,0,0,1,0,0,0,0,0,0,0,0,1
3,0,0,24.0,0,0,-0.4724779457630609,1,0,1,0,0,0,0,0,0,1,0,0,0,0,0,0,0,0,1
3,0,0,17.0,0,0,-0.49406132794842217,1,0,1,0,0,0,0,0,1,0,0,0,0,0,0,0,0,0,1
3,0,1,28.0,1,0,-0.25761631350730313,1,0,0,1,0,0,0,0,0,1,0,0,0,0,0,0,0,0,1
3,0,1,28.0,1,0,-0.25761631350730313,1,0,0,1,0,0,0,0,0,1,0,0,0,0,0,0,0,0,1
3,0,1,28.0,1,0,-0.3371831707137833,1,0,0,1,0,0,0,0,0,1,0,0,0,0,0,0,0,0,1
3,1,0,24.0,1,0,-0.3371831707137833,0,0,0,0,1,0,0,0,0,1,0,0,0,0,0,0,0,0,1
3,0,1,20.0,0,0,-0.45991485950848515,1,0,0,1,0,0,0,0,0,1,0,0,0,0,0,0,0,0,1
3,0,1,23.5,0,0,-0.5038044845344709,1,0,0,1,0,0,0,1,0,0,0,0,0,0,0,0,0,0,1
3,0,1,41.0,2,0,-0.3708464435285443,1,0,0,1,0,0,0,0,0,1,0,0,0,0,0,0,0,0,1
3,0,1,26.0,1,0,-0.49172459390507106,1,0,0,1,0,0,0,0,0,1,0,0,0,0,0,0,0,0,1
3,0,1,21.0,0,0,-0.49172459390507106,1,0,0,1,0,0,0,0,0,1,0,0,0,0,0,0,0,0,1
3,1,0,45.0,1,0,-0.3708464435285443,0,0,0,0,1,0,0,0,0,1,0,0,0,0,0,0,0,0,1
3,0,0,28.0,0,0,-0.4976041182722125,1,0,1,0,0,0,0,0,0,1,0,0,0,0,0,0,0,0,1
3,0,1,25.0,0,0,-0.5034024657743245,1,0,0,1,0,0,0,0,0,1,0,0,0,0,0,0,0,0,1
3,0,1,28.0,0,0,-0.5109731748295818,1,0,0,1,0,0,0,0,1,0,0,0,0,0,0,0,0,0,1
3,0,1,11.0,0,0,-0.28040768475560424,1,0,0,1,0,0,0,1,0,0,0,0,0,0,0,0,0,0,1
3,1,0,28.0,0,0,-0.49373855327080457,0,0,1,0,0,0,0,0,1,0,0,0,0,0,0,0,0,0,1
3,1,1,27.0,0,0,-0.5087176176512603,0,0,0,1,0,0,0,0,0,1,0,0,0,0,0,0,0,0,1
3,1,1,28.0,0,0,0.4484117389573496,0,0,0,1,0,0,0,0,0,1,0,0,0,0,0,0,0,0,1
3,0,0,18.0,0,0,-0.5130663782778443,1,0,1,0,0,0,0,0,1,0,0,0,0,0,0,0,0,0,1
3,1,0,26.0,0,0,-0.49035618389457264,0,0,1,0,0,0,0,0,0,1,0,0,0,0,0,0,0,0,1
3,0,0,23.0,0,0,-0.49035618389457264,1,0,1,0,0,0,0,0,0,1,0,0,0,0,0,0,0,0,1
3,1,0,22.0,0,0,-0.47030356544976903,0,0,1,0,0,0,0,0,0,1,0,0,0,0,0,0,0,0,1
3,0,1,28.0,0,0,-0.49092055638477816,1,0,0,1,0,0,0,0,0,1,0,0,0,0,0,0,0,0,1
3,0,0,28.0,0,0,-0.4932553576456286,1,0,1,0,0,0,0,0,0,1,0,0,0,0,0,0,0,0,1
3,0,0,28.0,0,0,-0.49373855327080457,1,0,1,0,0,0,0,0,1,0,0,0,0,0,0,0,0,0,1
3,1,0,2.0,0,1,-0.4060385473013621,0,0,1,0,0,0,0,0,0,1,0,0,0,0,0,0,0,0,1
3,1,0,22.0,1,1,-0.4060385473013621,0,0,0,0,1,0,0,0,0,1,0,0,0,0,0,0,0,0,1
3,0,1,43.0,0,0,-0.5188647257799561,1,0,0,1,0,0,0,0,0,1,0,0,0,0,0,0,0,0,1
3,0,1,28.0,0,0,-0.20816993879179355,1,0,0,1,0,0,0,0,0,1,0,0,0,0,0,0,0,0,1
3,1,0,27.0,0,0,-0.49035618389457264,0,0,1,0,0,0,0,0,0,1,0,0,0,0,0,0,0,0,1
3,0,1,28.0,0,0,-0.49373855327080457,1,0,0,1,0,0,0,0,1,0,0,0,0,0,0,0,0,0,1
3,1,0,28.0,0,0,-0.4879402057686927,0,0,1,0,0,0,0,0,0,1,0,0,0,0,0,0,0,0,1
3,0,1,42.0,0,0,-0.49567133577150857,1,0,0,1,0,0,0,0,0,1,0,0,0,0,0,1,0,0,0
3,1,1,28.0,0,0,-0.49108097733233663,0,0,0,1,0,0,0,0,0,1,0,0,0,0,0,0,0,0,1
3,0,1,30.0,0,0,-0.5038044845344709,1,0,0,1,0,0,0,1,0,0,0,0,0,0,0,0,0,0,1
3,0,1,28.0,0,0,-0.49092055638477816,1,0,0,1,0,0,0,0,0,1,0,0,0,0,0,0,0,0,1
3,0,0,27.0,1,0,-0.49035618389457264,1,0,1,0,0,0,0,0,0,1,0,0,0,0,0,0,0,0,1
3,0,0,25.0,1,0,-0.49035618389457264,1,0,1,0,0,0,0,0,0,1,0,0,0,0,0,0,0,0,1
3,0,1,28.0,0,0,-0.49092055638477816,1,0,0,1,0,0,0,0,0,1,0,0,0,0,0,0,0,0,1
3,1,1,29.0,0,0,-0.49092055638477816,0,0,0,1,0,0,0,1,0,0,0,0,0,0,0,0,0,0,1
3,1,1,21.0,0,0,-0.49285333888548216,0,0,0,1,0,0,0,0,0,1,0,0,0,0,0,0,0,0,1
3,0,1,28.0,0,0,-0.5072680307757323,1,0,0,1,0,0,0,0,0,1,0,0,0,0,0,0,0,0,1
3,0,1,20.0,0,0,-0.49172459390507106,1,0,0,1,0,0,0,0,0,1,0,0,0,0,0,0,0,0,1
3,0,1,48.0,0,0,-0.49172459390507106,1,0,0,1,0,0,0,0,0,1,0,0,0,0,0,0,0,0,1
3,0,1,17.0,1,0,-0.5071868539107027,1,0,0,1,0,0,0,0,0,1,0,0,0,0,0,0,0,0,1
3,1,0,28.0,0,0,-0.49373855327080457,0,0,1,0,0,0,0,0,1,0,0,0,0,0,0,0,0,0,1
3,1,1,28.0,0,0,-0.4867322167057527,0,0,0,1,0,0,0,0,0,1,0,0,0,0,0,0,0,0,1
3,0,1,34.0,0,0,-0.5179795113946337,1,0,0,1,0,0,0,0,0,1,0,0,0,0,0,0,0,0,1
3,1,1,26.0,0,0,-0.4932553576456286,0,0,0,1,0,0,0,0,0,1,0,0,0,0,0,0,0,0,1
3,0,1,22.0,0,0,-0.49285333888548216,1,0,0,1,0,0,0,0,0,1,0,0,0,0,0,0,0,0,1
3,0,1,33.0,0,0,-0.47626233389943934,1,0,0,1,0,0,0,0,0,1,0,0,0,0,0,0,0,0,1
3,0,1,31.0,0,0,-0.4932553576456286,1,0,0,1,0,0,0,0,0,1,0,0,0,0,0,0,0,0,1
3,0,1,29.0,0,0,-0.49172459390507106,1,0,0,1,0,0,0,0,0,1,0,0,0,0,0,0,0,0,1
3,1,1,4.0,1,1,-0.42834672292448733,0,1,0,0,0,0,0,0,0,1,0,0,0,0,0,0,0,0,1
3,1,0,1.0,1,1,-0.42834672292448733,0,0,1,0,0,0,0,0,0,1,0,0,0,0,0,0,0,0,1
3,0,1,49.0,0,0,-0.6435291970753619,1,0,0,1,0,0,0,0,0,1,0,0,0,0,0,0,0,0,1
3,0,1,33.0,0,0,-0.4932553576456286,1,0,0,1,0,0,0,0,0,1,0,0,0,0,0,0,0,0,1
3,0,1,19.0,0,0,-0.6435291970753619,1,0,0,1,0,0,0,0,0,1,0,0,0,0,0,0,0,0,1
3,1,0,27.0,0,2,-0.42834672292448733,0,0,0,0,1,0,0,0,0,1,0,0,0,0,0,0,0,0,1
3,0,1,28.0,1,2,-0.19029170066028187,1,1,0,0,0,0,0,0,0,1,0,0,0,0,0,0,0,0,1
3,0,0,28.0,1,2,-0.19029170066028187,1,0,1,0,0,0,0,0,0,1,0,0,0,0,0,0,0,0,1
3,0,1,28.0,1,2,-0.19029170066028187,1,0,0,1,0,0,0,0,0,1,0,0,0,0,0,0,0,0,1
3,0,0,28.0,1,2,-0.19029170066028187,1,0,0,0,1,0,0,0,0,1,0,0,0,0,0,0,0,0,1
3,0,1,23.0,0,0,-0.49092055638477816,1,0,0,1,0,0,0,0,0,1,0,0,0,0,0,0,0,0,1
3,1,1,32.0,0,0,-0.49172459390507106,0,0,0,1,0,0,0,0,0,1,0,0,0,0,0,0,0,0,1
3,0,1,27.0,0,0,-0.49172459390507106,1,0,0,1,0,0,0,0,0,1,0,0,0,0,0,0,0,0,1
3,0,0,20.0,1,0,-0.4536333163811973,1,0,1,0,0,0,0,0,0,1,0,0,0,0,0,0,0,0,1
3,0,0,21.0,1,0,-0.4536333163811973,1,0,1,0,0,0,0,0,0,1,0,0,0,0,0,0,0,0,1
3,1,1,32.0,0,0,-0.49035618389457264,0,0,0,1,0,0,0,0,0,1,0,0,0,0,0,0,0,0,1
3,0,1,17.0,0,0,-0.5058184439002044,1,0,0,1,0,0,0,0,0,1,0,0,0,0,0,0,0,0,1
3,0,1,21.0,0,0,-0.4805318504434944,1,0,0,1,0,0,0,0,0,1,0,0,0,0,0,0,0,0,1
3,0,1,30.0,0,0,-0.49092055638477816,1,0,0,1,0,0,0,0,0,1,0,0,0,0,0,0,0,0,1
3,1,1,21.0,0,0,-0.49285333888548216,0,0,0,1,0,0,0,0,0,1,0,0,0,0,0,0,0,0,1
3,0,1,33.0,0,0,-0.49172459390507106,1,0,0,1,0,0,0,0,0,1,0,0,0,0,0,0,0,0,1
3,0,1,22.0,0,0,-0.49816849076241804,1,0,0,1,0,0,0,0,0,1,0,0,0,0,0,0,0,0,1
3,1,0,4.0,0,1,-0.38421356730341294,0,0,1,0,0,0,0,1,0,0,0,0,0,0,0,0,0,0,1
3,1,1,39.0,0,1,-0.38421356730341294,0,0,0,1,0,0,0,1,0,0,0,0,0,0,0,0,0,0,1
3,0,1,28.0,0,0,-0.5038044845344709,1,0,0,1,0,0,0,1,0,0,0,0,0,0,0,0,0,0,1
3,0,1,18.5,0,0,-0.5038044845344709,1,0,0,1,0,0,0,1,0,0,0,0,0,0,0,0,0,0,1
3,0,1,28.0,0,0,-0.49373855327080457,1,0,0,1,0,0,0,0,1,0,0,0,0,0,0,0,0,0,1
3,0,1,28.0,0,0,-0.5034024657743245,1,0,0,1,0,0,0,0,0,1,0,0,0,0,0,0,0,0,1
3,1,0,28.0,0,0,-0.49373855327080457,0,0,1,0,0,0,0,0,1,0,0,0,0,0,0,0,0,0,1
3,1,0,28.0,0,0,-0.49373855327080457,0,0,1,0,0,0,0,0,1,0,0,0,0,0,0,0,0,0,1
3,0,1,34.5,0,0,-0.492207789530247,1,0,0,1,0,0,0,0,1,0,0,0,0,0,0,0,0,0,1
3,0,1,44.0,0,0,-0.4879402057686927,1,0,0,1,0,0,0,0,0,1,0,0,0,0,0,0,0,0,1
3,1,1,28.0,0,0,-0.49373855327080457,0,0,0,1,0,0,0,0,1,0,0,0,0,0,0,0,0,0,1
3,0,1,28.0,1,0,-0.3641609488586093,1,0,0,1,0,0,0,1,0,0,0,0,0,0,0,0,0,0,1
3,0,0,28.0,1,0,-0.3641609488586093,1,0,0,0,1,0,0,1,0,0,0,0,0,0,0,0,0,0,1
3,0,1,28.0,1,0,-0.49373855327080457,1,0,0,1,0,0,0,0,1,0,0,0,0,0,0,0,0,0,1
3,0,1,28.0,1,0,-0.49373855327080457,1,0,0,1,0,0,0,0,1,0,0,0,0,0,0,0,0,0,1
3,0,1,28.0,0,0,-0.49398015108339255,1,0,0,1,0,0,0,0,1,0,0,0,0,0,0,0,0,0,1
3,0,0,22.0,2,0,-0.47610191295188087,1,0,1,0,0,0,0,0,0,1,0,0,0,0,0,0,0,0,1
3,0,1,26.0,2,0,-0.47610191295188087,1,0,0,1,0,0,0,0,0,1,0,0,0,0,0,0,0,0,1
3,1,0,4.0,0,2,-0.21783385129531338,0,0,1,0,0,0,0,0,0,1,0,0,0,0,0,0,0,0,1
3,1,1,29.0,3,1,-0.21783385129531338,0,0,0,1,0,0,0,0,0,1,0,0,0,0,0,0,0,0,1
3,1,0,26.0,1,1,-0.21783385129531338,0,0,0,0,1,0,0,0,0,1,0,0,0,0,0,0,0,0,1
3,0,0,1.0,1,1,-0.40805250666709564,1,0,1,0,0,0,0,0,0,1,0,0,0,0,0,0,0,0,1
3,0,1,18.0,1,1,-0.49172459390507106,1,0,0,1,0,0,0,0,0,1,0,0,0,0,0,0,0,0,1
3,0,0,36.0,0,2,-0.40805250666709564,1,0,0,0,1,0,0,0,0,1,0,0,0,0,0,0,0,0,1
3,0,1,28.0,0,0,-0.49092055638477816,1,0,0,1,0,0,0,1,0,0,0,0,0,0,0,0,0,0,1
3,1,1,25.0,0,0,-0.5038044845344709,0,0,0,1,0,0,0,1,0,0,0,0,0,0,0,1,0,0,0
3,0,1,28.0,0,0,-0.5038856613995004,1,0,0,1,0,0,0,1,0,0,0,0,0,0,0,0,0,0,1
3,0,0,37.0,0,0,-0.45822367482036924,1,0,1,0,0,0,0,0,0,1,0,0,0,0,0,0,0,0,1
3,0,1,28.0,0,0,-0.49092055638477816,1,0,0,1,0,0,0,0,0,1,0,0,0,0,0,0,0,0,1
3,1,1,28.0,0,0,0.4484117389573496,0,0,0,1,0,0,0,0,0,1,0,0,0,0,0,0,0,0,1
3,0,1,28.0,0,0,0.4484117389573496,1,0,0,1,0,0,0,0,0,1,0,0,0,0,0,0,0,0,1
3,1,0,22.0,0,0,-0.5034024657743245,0,0,1,0,0,0,0,0,0,1,0,0,0,0,0,0,0,0,1
3,0,1,28.0,0,0,-0.49373855327080457,1,0,0,1,0,0,0,0,1,0,0,0,0,0,0,0,0,0,1
3,1,1,26.0,0,0,0.4484117389573496,0,0,0,1,0,0,0,0,0,1,0,0,0,0,0,0,0,0,1
3,0,1,29.0,0,0,-0.46023763418610275,1,0,0,1,0,0,0,0,0,1,0,0,0,0,0,0,0,0,1
3,0,1,29.0,0,0,-0.4932553576456286,1,0,0,1,0,0,0,0,0,1,0,0,0,0,0,0,0,0,1
3,0,1,22.0,0,0,-0.4932553576456286,1,0,0,1,0,0,0,0,0,1,0,0,0,0,0,0,0,0,1
3,1,1,22.0,0,0,-0.5038856613995004,0,0,0,1,0,0,0,1,0,0,0,0,0,0,0,0,0,0,1
3,0,1,28.0,3,1,-0.15131327596858496,1,1,0,0,0,0,0,0,0,1,0,0,0,0,0,0,0,0,1
3,0,0,28.0,3,1,-0.15131327596858496,1,0,1,0,0,0,0,0,0,1,0,0,0,0,0,0,0,0,1
3,0,0,28.0,3,1,-0.15131327596858496,1,0,1,0,0,0,0,0,0,1,0,0,0,0,0,0,0,0,1
3,0,0,28.0,3,1,-0.15131327596858496,1,0,1,0,0,0,0,0,0,1,0,0,0,0,0,0,0,0,1
3,0,0,28.0,0,4,-0.15131327596858496,1,0,0,0,1,0,0,0,0,1,0,0,0,0,0,0,0,0,1
3,0,1,32.0,0,0,-0.49035618389457264,1,0,0,1,0,0,0,0,0,1,0,0,0,0,0,0,0,0,1
3,0,1,34.5,0,0,-0.5191063235925442,1,0,0,1,0,0,0,1,0,0,0,0,0,0,0,0,0,0,1
3,0,0,28.0,1,0,-0.3439479094662472,1,0,1,0,0,0,0,0,1,0,0,0,0,0,0,0,0,0,1
3,0,1,28.0,1,0,-0.3439479094662472,1,0,0,1,0,0,0,0,1,0,0,0,0,0,0,0,0,0,1
3,0,1,36.0,0,0,-0.6435291970753619,1,0,0,1,0,0,0,0,0,1,0,0,0,0,0,0,0,0,1
3,0,1,39.0,0,0,-0.17676222315535411,1,0,0,1,0,0,0,0,0,1,0,0,0,0,0,0,0,0,1
3,0,1,24.0,0,0,-0.45991485950848515,1,0,0,1,0,0,0,0,0,1,0,0,0,0,0,0,0,0,1
3,0,0,25.0,0,0,-0.4932553576456286,1,0,1,0,0,0,0,0,0,1,0,0,0,0,0,0,0,0,1
3,0,0,45.0,0,0,-0.49373855327080457,1,0,1,0,0,0,0,0,0,1,0,0,0,0,0,0,0,0,1
3,0,1,36.0,1,0,-0.3429815182158952,1,0,0,1,0,0,0,0,0,1,0,0,0,0,0,0,0,0,1
3,0,0,30.0,1,0,-0.3429815182158952,1,0,0,0,1,0,0,0,0,1,0,0,0,0,0,0,0,0,1
3,1,1,20.0,1,0,-0.49035618389457264,0,0,0,1,0,0,0,0,0,1,0,0,0,0,0,0,0,0,1
3,0,1,28.0,0,0,-0.49124139827989505,1,0,0,1,0,0,0,0,1,0,0,0,0,0,0,0,0,0,1
3,0,1,28.0,0,0,0.4484117389573496,1,0,0,1,0,0,0,0,0,1,0,0,0,0,0,0,0,0,1
3,0,1,28.0,0,0,-0.4976041182722125,1,0,0,1,0,0,0,0,0,1,0,0,0,0,0,0,0,0,1
3,0,1,30.0,1,0,-0.33235121446202337,1,0,0,1,0,0,0,0,0,1,0,0,0,0,0,0,0,0,1
3,0,0,26.0,1,0,-0.33235121446202337,1,0,0,0,1,0,0,0,0,1,0,0,0,0,0,0,0,0,1
3,0,1,28.0,0,0,-0.49124139827989505,1,0,0,1,0,0,0,0,0,1,0,0,0,0,0,0,0,0,1
3,0,1,20.5,0,0,-0.5034024657743245,1,0,0,1,0,0,0,0,0,1,0,0,0,0,0,0,0,0,1
3,1,1,27.0,0,0,-0.47610191295188087,0,0,0,1,0,0,0,0,0,1,0,0,0,0,0,0,0,0,1
3,0,1,51.0,0,0,-0.5071868539107027,1,0,0,1,0,0,0,0,0,1,0,0,0,0,0,0,0,0,1
3,1,0,23.0,0,0,-0.49172459390507106,0,0,1,0,0,0,0,0,0,1,0,0,0,0,0,0,0,0,1
3,1,1,32.0,0,0,-0.49703974578200694,0,0,0,1,0,0,0,0,0,1,0,0,0,0,0,0,0,0,1
3,0,1,28.0,0,0,-0.49092055638477816,1,0,0,1,0,0,0,0,0,1,0,0,0,0,0,0,0,0,1
3,0,1,28.0,0,0,-0.4976041182722125,1,0,0,1,0,0,0,0,0,1,0,0,0,0,0,0,0,0,1
3,1,0,28.0,0,0,-0.49373855327080457,0,0,1,0,0,0,0,0,1,0,0,0,0,0,0,0,0,0,1
3,1,1,24.0,0,0,-0.5054956692225868,0,0,0,1,0,0,0,0,0,1,0,0,0,0,0,0,0,0,1
3,0,1,22.0,0,0,-0.5058184439002044,1,0,0,1,0,0,0,0,0,1,0,0,0,0,0,0,0,0,1
3,0,0,28.0,0,0,-0.49124139827989505,1,0,1,0,0,0,0,0,1,0,0,0,0,0,0,0,0,0,1
3,0,1,28.0,0,0,-0.49373855327080457,1,0,0,1,0,0,0,0,1,0,0,0,0,0,0,0,0,0,1
3,0,1,28.0,0,0,-0.4879402057686927,1,0,0,1,0,0,0,0,0,1,0,0,0,0,0,0,0,0,1
3,0,1,29.0,0,0,-0.49035618389457264,1,0,0,1,0,0,0,0,0,1,0,0,0,0,0,0,0,0,1
3,1,1,28.0,0,0,-0.5038044845344709,0,0,0,1,0,0,0,1,0,0,0,0,0,0,0,0,0,0,1
3,0,0,30.5,0,0,-0.49373855327080457,1,0,1,0,0,0,0,0,1,0,0,0,0,0,0,0,0,0,1
3,1,0,28.0,0,0,-0.49398015108339255,0,0,1,0,0,0,0,0,1,0,0,0,0,0,0,0,0,0,1
3,0,1,28.0,0,0,-0.5038044845344709,1,0,0,1,0,0,0,1,0,0,0,0,0,0,0,1,0,0,0
3,0,1,35.0,0,0,-0.49092055638477816,1,0,0,1,0,0,0,1,0,0,0,0,0,0,0,0,0,0,1
3,0,1,33.0,0,0,-0.49092055638477816,1,0,0,1,0,0,0,0,0,1,0,0,0,0,0,0,0,0,1
3,1,0,28.0,0,0,-0.5038856613995004,0,0,0,0,1,0,0,1,0,0,0,0,0,0,0,0,0,0,1
3,0,1,28.0,0,0,-0.49092055638477816,1,0,0,1,0,0,0,1,0,0,0,0,0,0,0,0,0,0,1
3,1,0,28.0,0,0,-0.49373855327080457,0,0,1,0,0,0,0,0,1,0,0,0,0,0,0,0,0,0,1
3,1,1,28.0,0,0,-0.49373855327080457,0,0,0,1,0,0,0,0,1,0,0,0,0,0,0,0,0,0,1
3,1,0,28.0,2,0,-0.19415726566168978,0,0,1,0,0,0,0,0,1,0,0,0,0,0,0,0,0,0,1
3,1,0,28.0,2,0,-0.19415726566168978,0,0,1,0,0,0,0,0,1,0,0,0,0,0,0,0,0,0,1
3,1,1,28.0,2,0,-0.19415726566168978,0,0,0,1,0,0,0,0,1,0,0,0,0,0,0,0,0,0,1
3,1,0,28.0,0,0,-0.4930137598330406,0,0,1,0,0,0,0,0,1,0,0,0,0,0,0,0,0,0,1
3,0,1,28.0,0,0,-0.3439479094662472,1,0,0,1,0,0,0,0,1,0,0,0,0,0,0,0,0,0,1
3,1,0,28.0,0,0,-0.49124139827989505,0,0,1,0,0,0,0,0,1,0,0,0,0,0,0,0,0,0,1
3,1,0,15.0,0,0,-0.48834222452883913,0,0,1,0,0,0,0,0,1,0,0,0,0,0,0,0,0,0,1
3,0,0,35.0,0,0,-0.49373855327080457,1,0,1,0,0,0,0,0,1,0,0,0,0,0,0,0,0,0,1
3,0,1,28.0,0,0,-0.49373855327080457,1,0,0,1,0,0,0,0,1,0,0,0,0,0,0,0,0,0,1
3,0,1,24.0,1,0,-0.33235121446202337,1,0,0,1,0,0,0,0,0,1,0,0,0,0,0,0,0,0,1
3,0,0,19.0,1,0,-0.33235121446202337,1,0,0,0,1,0,0,0,0,1,0,0,0,0,0,0,0,0,1
3,0,0,28.0,0,0,-0.49373855327080457,1,0,1,0,0,0,0,0,1,0,0,0,0,0,0,0,0,0,1
3,0,0,28.0,0,0,-0.4879402057686927,1,0,1,0,0,0,0,0,0,1,0,0,0,0,0,0,0,0,1
3,0,0,28.0,0,0,-0.4879402057686927,1,0,0,0,1,0,0,0,0,1,0,0,0,0,0,0,0,0,1
3,0,1,55.5,0,0,-0.4879402057686927,1,0,0,1,0,0,0,0,0,1,0,0,0,0,0,0,0,0,1
3,0,1,28.0,0,0,-0.49373855327080457,1,0,0,1,0,0,0,0,1,0,0,0,0,0,0,0,0,0,1
3,1,1,21.0,0,0,-0.4932553576456286,0,0,0,1,0,0,0,0,0,1,0,0,0,0,0,0,0,0,1
3,0,1,28.0,0,0,-0.4879402057686927,1,0,0,1,0,0,0,0,0,1,0,0,0,0,0,0,0,0,1
3,0,1,24.0,0,0,-0.49092055638477816,1,0,0,1,0,0,0,0,0,1,0,0,0,0,0,0,0,0,1
3,0,1,21.0,0,0,-0.49092055638477816,1,0,0,1,0,0,0,0,0,1,0,0,0,0,0,0,0,0,1
3,0,1,28.0,0,0,-0.49092055638477816,1,0,0,1,0,0,0,0,0,1,0,0,0,0,0,0,0,0,1
3,0,1,28.0,0,0,-0.49092055638477816,1,0,0,1,0,0,0,0,0,1,0,0,0,0,0,0,0,0,1
3,1,0,28.0,0,0,-0.49124139827989505,0,0,1,0,0,0,0,0,1,0,0,0,0,0,0,0,0,0,1
3,0,1,25.0,0,0,-0.49567133577150857,1,0,0,1,0,0,0,0,0,1,0,0,0,0,0,1,0,0,0
3,1,1,6.0,0,1,-0.40241458011254216,0,1,0,0,0,0,0,0,0,1,0,0,0,0,1,0,0,0,0
3,1,0,27.0,0,1,-0.40241458011254216,0,0,0,0,1,0,0,0,0,1,0,0,0,0,1,0,0,0,0
3,0,1,28.0,0,0,-0.4879402057686927,1,0,0,1,0,0,0,0,0,1,0,0,0,0,0,0,0,0,1
3,1,0,28.0,1,0,-0.17676222315535411,0,0,1,0,0,0,0,0,1,0,0,0,0,0,0,0,0,0,1
3,0,1,28.0,1,0,-0.17676222315535411,1,0,0,1,0,0,0,0,1,0,0,0,0,0,0,0,0,0,1
3,0,1,28.0,0,0,-0.4800486548183184,1,0,0,1,0,0,0,0,1,0,0,0,0,0,0,0,0,0,1
3,0,1,34.0,0,0,-0.4879402057686927,1,0,0,1,0,0,0,0,0,1,0,0,0,0,0,0,0,0,1
3,0,1,28.0,0,0,-0.49373855327080457,1,0,0,1,0,0,0,0,1,0,0,0,0,0,0,0,0,0,1
3,1,1,28.0,0,0,-0.4932553576456286,0,0,0,1,0,0,0,0,0,1,0,0,0,0,0,0,0,0,1
3,1,1,28.0,1,1,-0.3488610425830367,0,1,0,0,0,0,0,1,0,0,0,0,0,0,0,0,0,0,1
3,1,1,28.0,1,1,-0.3488610425830367,0,1,0,0,0,0,0,1,0,0,0,0,0,0,0,0,0,0,1
3,1,0,28.0,0,2,-0.3488610425830367,0,0,0,0,1,0,0,1,0,0,0,0,0,0,0,0,0,0,1
3,1,0,28.0,0,0,-0.5038044845344709,0,0,0,0,1,0,0,1,0,0,0,0,0,0,0,0,0,0,1
3,0,1,28.0,0,0,-0.4879402057686927,1,0,0,1,0,0,0,0,0,1,0,0,0,0,0,0,0,0,1
3,1,0,28.0,0,0,-0.49406132794842217,0,0,1,0,0,0,0,0,1,0,0,0,0,0,0,0,0,0,1
3,1,0,24.0,0,0,-0.49373855327080457,0,0,1,0,0,0,0,0,1,0,0,0,0,0,0,0,0,0,1
3,0,1,28.0,0,0,-0.4879402057686927,1,0,0,1,0,0,0,0,0,1,0,0,0,0,0,0,0,0,1
3,1,0,28.0,1,0,-0.3439479094662472,0,0,1,0,0,0,0,0,1,0,0,0,0,0,0,0,0,0,1
3,1,0,28.0,1,0,-0.3439479094662472,0,0,1,0,0,0,0,0,1,0,0,0,0,0,0,0,0,0,1
3,1,0,28.0,0,0,-0.3439479094662472,0,0,1,0,0,0,0,0,1,0,0,0,0,0,0,0,0,0,1
3,0,1,18.0,0,0,-0.49373855327080457,1,0,0,1,0,0,0,0,0,1,0,0,0,0,0,0,0,0,1
3,0,1,22.0,0,0,-0.49092055638477816,1,0,0,1,0,0,0,0,0,1,0,0,0,0,0,0,0,0,1
3,1,0,15.0,0,0,-0.5038856613995004,0,0,1,0,0,0,0,1,0,0,0,0,0,0,0,0,0,0,1
3,1,0,1.0,0,2,-0.33927637416204565,0,0,1,0,0,0,0,1,0,0,0,0,0,0,0,0,0,0,1
3,1,1,20.0,1,1,-0.33927637416204565,0,0,0,1,0,0,0,1,0,0,0,0,0,0,0,0,0,0,1
3,1,0,19.0,1,1,-0.33927637416204565,0,0,0,0,1,0,0,1,0,0,0,0,0,0,0,0,0,0,1
3,0,1,33.0,0,0,-0.4879402057686927,1,0,0,1,0,0,0,0,0,1,0,0,0,0,0,0,0,0,1
3,0,1,28.0,0,0,-0.49092055638477816,1,0,0,1,0,0,0,0,0,1,0,0,0,0,0,0,0,0,1
3,0,1,28.0,0,0,-0.5038044845344709,1,0,0,1,0,0,0,1,0,0,0,0,0,0,0,0,0,0,1
3,0,0,28.0,0,0,-0.49373855327080457,1,0,1,0,0,0,0,0,1,0,0,0,0,0,0,0,0,0,1
3,0,1,28.0,0,0,-0.49092055638477816,1,0,0,1,0,0,0,0,0,1,0,0,0,0,0,0,0,0,1
3,1,1,12.0,1,0,-0.42625158669372415,0,1,0,0,0,0,0,1,0,0,0,0,0,0,0,0,0,0,1
3,1,0,14.0,1,0,-0.42625158669372415,0,0,1,0,0,0,0,1,0,0,0,0,0,0,0,0,0,0,1
3,0,0,29.0,0,0,-0.49035618389457264,1,0,1,0,0,0,0,0,0,1,0,0,0,0,0,0,0,0,1
3,0,1,28.0,0,0,-0.4879402057686927,1,0,0,1,0,0,0,0,0,1,0,0,0,0,0,0,0,0,1
3,1,0,18.0,0,0,-0.4932553576456286,0,0,1,0,0,0,0,0,0,1,0,0,0,0,0,0,0,0,1
3,1,0,26.0,0,0,-0.49172459390507106,0,0,1,0,0,0,0,0,0,1,0,0,0,0,0,0,0,0,1
3,0,1,21.0,0,0,-0.49172459390507106,1,0,0,1,0,0,0,0,0,1,0,0,0,0,0,0,0,0,1
3,0,1,41.0,0,0,-0.5058184439002044,1,0,0,1,0,0,0,0,0,1,0,0,0,0,0,0,0,0,1
3,1,1,39.0,0,0,-0.49035618389457264,0,0,0,1,0,0,0,0,0,1,0,0,0,0,0,0,0,0,1
3,0,1,21.0,0,0,-0.4927721620204526,1,0,0,1,0,0,0,0,0,1,0,0,0,0,0,0,0,0,1
3,0,1,28.5,0,0,-0.5038044845344709,1,0,0,1,0,0,0,1,0,0,0,0,0,0,0,0,0,0,1
3,1,0,22.0,0,0,-0.49373855327080457,0,0,1,0,0,0,0,0,0,1,0,0,0,0,0,0,0,0,1
3,0,1,61.0,0,0,-0.522971888593952,1,0,0,1,0,0,0,0,0,1,0,0,0,0,0,0,0,0,1
3,0,1,28.0,1,0,-0.3439479094662472,1,0,0,1,0,0,0,0,1,0,0,0,0,0,0,0,0,0,1
3,0,1,28.0,0,0,-0.492207789530247,1,0,0,1,0,0,0,0,1,0,0,0,0,0,0,0,0,0,1
3,1,0,28.0,1,0,-0.3439479094662472,0,0,0,0,1,0,0,0,1,0,0,0,0,0,0,0,0,0,1
3,0,1,28.0,0,0,-0.49406132794842217,1,0,0,1,0,0,0,0,1,0,0,0,0,0,0,0,0,0,1
3,0,1,28.0,0,0,-0.49373855327080457,1,0,0,1,0,0,0,0,1,0,0,0,0,0,0,0,0,0,1
3,0,1,28.0,0,0,-0.49373855327080457,1,0,0,1,0,0,0,0,1,0,0,0,0,0,0,0,0,0,1
3,0,1,23.0,0,0,-0.465230011385421,1,0,0,1,0,0,0,0,0,1,0,0,0,0,0,0,0,0,1
3,0,0,28.0,0,0,-0.49373855327080457,1,0,0,0,1,0,0,0,1,0,0,0,0,0,0,0,0,0,1
3,1,0,28.0,0,0,-0.49373855327080457,0,0,1,0,0,0,0,0,1,0,0,0,0,0,0,0,0,0,1
3,1,0,28.0,0,0,-0.49124139827989505,0,0,1,0,0,0,0,0,1,0,0,0,0,0,0,0,0,0,1
3,1,0,22.0,0,0,-0.4932553576456286,0,0,1,0,0,0,0,0,0,1,0,0,0,0,0,0,0,0,1
3,1,1,28.0,0,0,-0.49373855327080457,0,0,0,1,0,0,0,0,1,0,0,0,0,0,0,0,0,0,1
3,1,0,28.0,0,0,-0.492207789530247,0,0,1,0,0,0,0,0,1,0,0,0,0,0,0,0,0,0,1
3,1,1,9.0,0,1,-0.5822445295430406,0,1,0,0,0,0,0,0,0,1,0,0,0,0,0,0,0,0,1
3,0,1,28.0,0,0,-0.20816993879179355,1,0,0,1,0,0,0,0,0,1,0,0,0,0,0,0,0,0,1
3,0,1,42.0,0,1,-0.48109429015119926,1,0,0,1,0,0,0,0,0,1,0,0,0,0,0,0,0,0,1
3,0,1,28.0,0,0,-0.5021944767113844,1,0,0,1,0,0,0,0,0,1,0,0,0,0,0,0,0,0,1
3,0,0,31.0,0,0,-0.49172459390507106,1,0,1,0,0,0,0,0,0,1,0,0,0,0,0,0,0,0,1
3,0,1,28.0,0,0,-0.49172459390507106,1,0,0,1,0,0,0,0,0,1,0,0,0,0,0,0,0,0,1
3,1,1,32.0,0,0,-0.4932553576456286,0,0,0,1,0,0,0,0,0,1,0,0,0,0,0,0,0,0,1
3,0,1,20.0,0,0,-0.465230011385421,1,0,0,1,0,0,0,0,0,1,0,0,0,0,0,0,0,0,1
3,0,0,23.0,0,0,-0.47610191295188087,1,0,1,0,0,0,0,0,0,1,0,0,0,0,0,0,0,0,1
3,0,0,20.0,0,0,-0.47610191295188087,1,0,1,0,0,0,0,0,0,1,0,0,0,0,0,0,0,0,1
3,0,1,20.0,0,0,-0.47610191295188087,1,0,0,1,0,0,0,0,0,1,0,0,0,0,0,0,0,0,1
3,0,1,16.0,0,0,-0.4653904323329795,1,0,0,1,0,0,0,0,0,1,0,0,0,0,0,0,0,0,1
3,1,0,31.0,0,0,-0.4756998941917345,0,0,0,0,1,0,0,0,0,1,0,0,0,0,0,0,0,0,1
3,0,0,28.0,0,0,-0.49607335453165496,1,0,1,0,0,0,0,0,1,0,0,0,0,0,0,0,0,0,1
3,0,1,2.0,3,1,-0.23619528505200105,1,1,0,0,0,0,0,0,0,1,0,0,0,0,0,0,0,0,1
3,0,1,6.0,3,1,-0.23619528505200105,1,1,0,0,0,0,0,0,0,1,0,0,0,0,0,0,0,0,1
3,0,0,3.0,3,1,-0.23619528505200105,1,0,1,0,0,0,0,0,0,1,0,0,0,0,0,0,0,0,1
3,0,0,8.0,3,1,-0.23619528505200105,1,0,1,0,0,0,0,0,0,1,0,0,0,0,0,0,0,0,1
3,0,0,29.0,0,4,-0.23619528505200105,1,0,0,0,1,0,0,0,0,1,0,0,0,0,0,0,0,0,1
3,0,1,1.0,4,1,0.12354385789152472,1,1,0,0,0,0,0,0,0,1,0,0,0,0,0,0,0,0,1
3,0,1,7.0,4,1,0.12354385789152472,1,1,0,0,0,0,0,0,0,1,0,0,0,0,0,0,0,0,1
3,0,1,2.0,4,1,0.12354385789152472,1,1,0,0,0,0,0,0,0,1,0,0,0,0,0,0,0,0,1
3,0,1,16.0,4,1,0.12354385789152472,1,0,0,1,0,0,0,0,0,1,0,0,0,0,0,0,0,0,1
3,0,1,14.0,4,1,0.12354385789152472,1,0,0,1,0,0,0,0,0,1,0,0,0,0,0,0,0,0,1
3,0,0,41.0,0,5,0.12354385789152472,1,0,0,0,1,0,0,0,0,1,0,0,0,0,0,0,0,0,1
3,0,1,21.0,0,0,-0.47610191295188087,1,0,0,1,0,0,0,0,0,1,0,0,0,0,0,0,0,0,1
3,0,1,19.0,0,0,-0.3632757344732868,1,0,0,1,0,0,0,0,0,1,0,0,0,0,0,0,0,0,1
3,0,1,28.0,0,0,-0.47513552170152895,1,0,0,1,0,0,0,1,0,0,0,0,0,0,0,0,0,0,1
3,0,1,32.0,0,0,-0.49092055638477816,1,0,0,1,0,0,0,0,0,1,0,0,0,0,0,0,0,0,1
3,0,1,0.75,1,1,-0.3772884076033906,1,1,0,0,0,0,0,0,0,1,0,0,0,0,0,0,0,0,1
3,0,0,3.0,1,1,-0.3772884076033906,1,0,1,0,0,0,0,0,0,1,0,0,0,0,0,0,0,0,1
3,0,0,26.0,0,2,-0.3772884076033906,1,0,0,0,1,0,0,0,0,1,0,0,0,0,0,0,0,0,1
3,0,1,28.0,0,0,-0.5082344220260844,1,0,0,1,0,0,0,0,0,1,0,0,0,0,0,0,0,0,1
3,0,1,28.0,0,0,-0.4932553576456286,1,0,0,1,0,0,0,0,0,1,0,0,0,0,0,0,0,0,1
3,0,1,28.0,0,0,-0.4879402057686927,1,0,0,1,0,0,0,0,0,1,0,0,0,0,0,0,0,0,1
3,0,1,21.0,0,0,-0.49035618389457264,1,0,0,1,0,0,0,0,0,1,0,0,0,0,0,0,0,0,1
3,0,1,25.0,0,0,-0.49035618389457264,1,0,0,1,0,0,0,0,0,1,0,0,0,0,0,0,0,0,1
3,0,1,22.0,0,0,-0.5034024657743245,1,0,0,1,0,0,0,0,0,1,0,0,0,0,0,0,0,0,1
3,1,1,25.0,1,0,-0.4932553576456286,0,0,0,1,0,0,0,0,0,1,0,0,0,0,0,0,0,0,1
3,1,1,28.0,1,1,-0.21139188722046703,0,1,0,0,0,0,0,1,0,0,0,0,0,0,0,0,0,0,1
3,1,0,28.0,1,1,-0.21139188722046703,0,0,1,0,0,0,0,1,0,0,0,0,0,0,0,1,0,0,0
3,1,0,28.0,0,2,-0.21139188722046703,0,0,0,0,1,0,0,1,0,0,0,0,0,0,0,0,0,0,1
3,0,0,28.0,0,0,-0.4862490210805767,1,0,1,0,0,0,0,0,1,0,0,0,0,0,0,0,0,0,1
3,0,1,24.0,0,0,-0.4879402057686927,1,0,0,1,0,0,0,0,0,1,0,0,0,0,0,0,0,0,1
3,0,0,28.0,0,0,-0.49092055638477816,1,0,1,0,0,0,0,0,0,1,0,0,0,0,0,0,0,0,1
3,0,1,19.0,0,0,-0.49092055638477816,1,0,0,1,0,0,0,0,0,1,0,0,0,0,0,0,0,0,1
3,0,1,28.0,0,0,-0.49092055638477816,1,0,0,1,0,0,0,0,0,1,0,0,0,0,0,0,0,0,1
3,0,1,25.0,1,0,-0.4932553576456286,1,0,0,1,0,0,0,0,0,1,0,0,0,0,0,0,0,0,1
3,0,0,18.0,0,0,-0.4932553576456286,1,0,1,0,0,0,0,0,0,1,0,0,0,0,0,0,0,0,1
3,1,1,32.0,0,0,-0.4879402057686927,0,0,0,1,0,0,0,0,0,1,0,0,0,0,1,0,0,0,0
3,0,1,28.0,0,0,-0.49092055638477816,1,0,0,1,0,0,0,0,0,1,0,0,0,0,0,0,0,0,1
3,0,1,17.0,0,0,-0.47610191295188087,1,0,0,1,0,0,0,0,0,1,0,0,0,0,0,0,0,0,1
3,0,1,24.0,0,0,-0.47610191295188087,1,0,0,1,0,0,0,0,0,1,0,0,0,0,0,0,0,0,1
3,0,1,28.0,0,0,-0.49092055638477816,1,0,0,1,0,0,0,0,0,1,0,0,0,0,0,0,0,0,1
3,0,0,28.0,0,0,-0.4867322167057527,1,0,0,0,1,0,0,0,0,1,0,0,0,0,0,0,0,0,1
3,0,1,28.0,0,0,-0.5038044845344709,1,0,0,1,0,0,0,1,0,0,0,0,0,0,0,0,0,0,1
3,0,1,28.0,0,0,-0.5034024657743245,1,0,0,1,0,0,0,0,0,1,0,0,0,0,0,0,0,0,1
3,0,1,38.0,0,0,-0.49092055638477816,1,0,0,1,0,0,0,0,0,1,0,0,0,0,0,0,0,0,1
3,0,1,21.0,0,0,-0.4879402057686927,1,0,0,1,0,0,0,0,0,1,0,0,0,0,0,0,0,0,1
3,0,1,10.0,4,1,-0.08060629374533174,1,1,0,0,0,0,0,0,1,0,0,0,0,0,0,0,0,0,1
3,0,1,4.0,4,1,-0.08060629374533174,1,1,0,0,0,0,0,0,1,0,0,0,0,0,0,0,0,0,1
3,0,1,7.0,4,1,-0.08060629374533174,1,1,0,0,0,0,0,0,1,0,0,0,0,0,0,0,0,0,1
3,0,1,2.0,4,1,-0.08060629374533174,1,1,0,0,0,0,0,0,1,0,0,0,0,0,0,0,0,0,1
3,0,1,8.0,4,1,-0.08060629374533174,1,1,0,0,0,0,0,0,1,0,0,0,0,0,0,0,0,0,1
3,0,0,39.0,0,5,-0.08060629374533174,1,0,0,0,1,0,0,0,1,0,0,0,0,0,0,0,0,0,1
3,0,0,22.0,0,0,0.12354385789152472,1,0,1,0,0,0,0,0,0,1,0,0,0,0,0,0,0,0,1
3,0,1,35.0,0,0,-0.5058184439002044,1,0,0,1,0,0,0,0,0,1,0,0,0,0,0,0,0,0,1
3,1,0,28.0,0,0,-0.49430292576101015,0,0,1,0,0,0,0,0,1,0,0,0,0,0,0,0,0,0,1
3,0,1,28.0,0,0,-0.3632757344732868,1,0,0,1,0,0,0,0,0,1,0,0,0,0,0,0,0,0,1
3,0,0,28.0,0,0,-0.3632757344732868,1,0,0,0,1,0,0,0,0,1,0,0,0,0,0,0,0,0,1
3,0,1,50.0,1,0,-0.3632757344732868,1,0,0,1,0,0,0,0,0,1,0,0,0,0,0,0,0,0,1
3,0,0,47.0,1,0,-0.3632757344732868,1,0,0,0,1,0,0,0,0,1,0,0,0,0,0,0,0,0,1
3,0,1,28.0,0,0,-0.4879402057686927,1,0,0,1,0,0,0,0,0,1,0,0,0,0,0,0,0,0,1
3,0,1,28.0,0,0,-0.4932553576456286,1,0,0,1,0,0,0,0,0,1,0,0,0,0,0,0,0,0,1
3,0,0,2.0,1,1,-0.2528655341205728,1,0,1,0,0,0,0,0,0,1,0,0,0,0,0,0,0,0,1
3,0,1,18.0,1,1,-0.2528655341205728,1,0,0,1,0,0,0,0,0,1,0,0,0,0,0,0,0,0,1
3,0,0,41.0,0,2,-0.2528655341205728,1,0,0,0,1,0,0,0,0,1,0,0,0,0,0,0,0,0,1
3,1,0,28.0,0,0,-0.4879402057686927,0,0,1,0,0,0,0,0,0,1,0,0,0,0,0,0,0,0,1
3,0,1,50.0,0,0,-0.4879402057686927,1,0,0,1,0,0,0,0,0,1,0,0,0,0,0,0,0,0,1
3,0,1,16.0,0,0,-0.4879402057686927,1,0,0,1,0,0,0,0,0,1,0,0,0,0,0,0,0,0,1
3,1,1,28.0,0,0,-0.49373855327080457,0,0,0,1,0,0,0,0,1,0,0,0,0,0,0,0,0,0,1
3,0,1,28.0,0,0,-0.17676222315535411,1,0,0,1,0,0,0,0,1,0,0,0,0,0,0,0,0,0,1
3,0,1,28.0,0,0,-0.5038044845344709,1,0,0,1,0,0,0,1,0,0,0,0,0,0,0,0,0,0,1
3,0,1,25.0,0,0,-0.5038856613995004,1,0,0,1,0,0,0,1,0,0,0,0,0,0,0,0,0,0,1
3,0,1,28.0,0,0,-0.5038856613995004,1,0,0,1,0,0,0,1,0,0,0,0,0,0,0,0,0,0,1
3,0,1,28.0,0,0,-0.494140572030951,1,0,0,1,0,0,0,0,1,0,0,0,0,0,0,0,0,0,1
3,0,1,28.0,0,0,-0.49712092264703656,1,0,0,1,0,0,0,0,0,1,0,0,0,0,0,0,0,0,1
3,0,1,38.5,0,0,-0.5034024657743245,1,0,0,1,0,0,0,0,0,1,0,0,0,0,0,0,0,0,1
3,0,1,28.0,8,2,0.7007210321642466,1,1,0,0,0,0,0,0,0,1,0,0,0,0,0,0,0,0,1
3,0,1,14.5,8,2,0.7007210321642466,1,1,0,0,0,0,0,0,0,1,0,0,0,0,0,0,0,0,1
3,0,0,28.0,8,2,0.7007210321642466,1,0,1,0,0,0,0,0,0,1,0,0,0,0,0,0,0,0,1
3,0,0,28.0,8,2,0.7007210321642466,1,0,1,0,0,0,0,0,0,1,0,0,0,0,0,0,0,0,1
3,0,0,28.0,8,2,0.7007210321642466,1,0,1,0,0,0,0,0,0,1,0,0,0,0,0,0,0,0,1
3,0,0,28.0,8,2,0.7007210321642466,1,0,1,0,0,0,0,0,0,1,0,0,0,0,0,0,0,0,1
3,0,1,28.0,8,2,0.7007210321642466,1,0,0,1,0,0,0,0,0,1,0,0,0,0,0,0,0,0,1
3,0,1,28.0,8,2,0.7007210321642466,1,0,0,1,0,0,0,0,0,1,0,0,0,0,0,0,0,0,1
3,0,1,28.0,8,2,0.7007210321642466,1,0,0,1,0,0,0,0,0,1,0,0,0,0,0,0,0,0,1
3,0,1,28.0,1,9,0.7007210321642466,1,0,0,1,0,0,0,0,0,1,0,0,0,0,0,0,0,0,1
3,0,0,28.0,1,9,0.7007210321642466,1,0,0,0,1,0,0,0,0,1,0,0,0,0,0,0,0,0,1
3,0,1,24.0,0,0,-0.46329722888471714,1,0,0,1,0,0,0,0,0,1,0,0,0,0,0,0,0,0,1
3,1,0,21.0,0,0,-0.49567133577150857,0,0,1,0,0,0,0,0,0,1,0,0,0,0,0,0,0,0,1
3,0,1,39.0,0,0,-0.49035618389457264,1,0,0,1,0,0,0,0,0,1,0,0,0,0,0,0,0,0,1
3,0,1,28.0,2,0,-0.22451741318274765,1,0,0,1,0,0,0,1,0,0,0,0,0,0,0,0,0,0,1
3,0,1,28.0,2,0,-0.22451741318274765,1,0,0,1,0,0,0,1,0,0,0,0,0,0,0,0,0,0,1
3,0,1,28.0,2,0,-0.22451741318274765,1,0,0,1,0,0,0,1,0,0,0,0,0,0,0,0,0,0,1
3,1,0,1.0,1,1,-0.3207545194577996,0,0,1,0,0,0,0,0,0,1,0,0,0,0,0,0,1,0,0
3,1,0,24.0,0,2,-0.3207545194577996,0,0,0,0,1,0,0,0,0,1,0,0,0,0,0,0,1,0,0
3,1,0,4.0,1,1,-0.3207545194577996,0,0,1,0,0,0,0,0,0,1,0,0,0,0,0,0,1,0,0
3,1,1,25.0,0,0,-0.45991485950848515,0,0,0,1,0,0,0,0,0,1,0,0,0,0,0,0,0,0,1
3,0,1,20.0,0,0,-0.4879402057686927,1,0,0,1,0,0,0,0,0,1,0,0,0,0,0,0,0,0,1
3,0,1,24.5,0,0,-0.4879402057686927,1,0,0,1,0,0,0,0,0,1,0,0,0,0,0,0,0,0,1
3,0,1,28.0,0,0,-0.49422174889598053,1,0,0,1,0,0,0,0,1,0,0,0,0,0,0,0,0,0,1
3,0,1,28.0,0,0,-0.49092055638477816,1,0,0,1,0,0,0,0,0,1,0,0,0,0,0,0,0,0,1
3,0,1,28.0,0,0,-0.49373855327080457,1,0,0,1,0,0,0,0,1,0,0,0,0,0,0,0,0,0,1
3,1,1,29.0,0,0,-0.45991485950848515,0,0,0,1,0,0,0,0,0,1,0,0,0,0,0,0,0,0,1
3,0,1,28.0,0,0,-0.35167903946906304,1,0,0,1,0,0,0,0,0,1,0,0,0,0,0,0,0,0,1
3,1,0,28.0,0,0,-0.49317418078059905,0,0,1,0,0,0,0,0,1,0,0,0,0,0,0,0,0,0,1
3,0,1,28.0,0,0,-0.4879402057686927,1,0,0,1,0,0,0,0,0,1,0,0,0,0,0,0,0,0,1
3,0,1,28.0,0,0,-0.4879402057686927,1,0,0,1,0,0,0,0,0,1,0,0,0,0,0,0,0,0,1
3,0,1,22.0,0,0,-0.5038044845344709,1,0,0,1,0,0,0,1,0,0,0,0,0,0,0,0,0,0,1
3,0,1,28.0,0,0,-0.4879402057686927,1,0,0,1,0,0,0,0,0,1,0,0,0,0,0,0,0,0,1
3,0,1,40.0,0,0,-0.49092055638477816,1,0,0,1,0,0,0,0,0,1,0,0,0,0,0,0,0,0,1
3,0,1,21.0,0,0,-0.49035618389457264,1,0,0,1,0,0,0,0,0,1,0,0,0,0,0,0,0,0,1
3,1,0,18.0,0,0,-0.4986516863875941,0,0,1,0,0,0,0,0,0,1,0,0,0,0,0,0,0,0,1
3,0,1,4.0,3,2,-0.10428287937895536,1,1,0,0,0,0,0,0,0,1,0,0,0,0,0,0,0,0,1
3,0,1,10.0,3,2,-0.10428287937895536,1,1,0,0,0,0,0,0,0,1,0,0,0,0,0,0,0,0,1
3,0,0,9.0,3,2,-0.10428287937895536,1,0,1,0,0,0,0,0,0,1,0,0,0,0,0,0,0,0,1
3,0,0,2.0,3,2,-0.10428287937895536,1,0,1,0,0,0,0,0,0,1,0,0,0,0,0,0,0,0,1
3,0,1,40.0,1,4,-0.10428287937895536,1,0,0,1,0,0,0,0,0,1,0,0,0,0,0,0,0,0,1
3,0,0,45.0,1,4,-0.10428287937895536,1,0,0,0,1,0,0,0,0,1,0,0,0,0,0,0,0,0,1
3,0,1,28.0,0,0,-0.49092055638477816,1,0,0,1,0,0,0,0,0,1,0,0,0,0,0,0,0,0,1
3,0,1,28.0,0,0,-0.4879402057686927,1,0,0,1,0,0,0,0,0,1,0,0,0,0,0,0,0,0,1
3,0,1,28.0,0,0,-0.47610191295188087,1,0,0,1,0,0,0,0,0,1,0,0,0,0,0,0,0,0,1
3,0,1,28.0,0,0,-0.49373855327080457,1,0,0,1,0,0,0,0,1,0,0,0,0,0,0,0,0,0,1
3,1,0,28.0,0,0,-0.49406132794842217,0,0,1,0,0,0,0,0,1,0,0,0,0,0,0,0,0,0,1
3,0,1,19.0,0,0,-0.49567133577150857,1,0,0,1,0,0,0,0,0,1,0,0,0,0,0,1,0,0,0
3,0,1,30.0,0,0,-0.4879402057686927,1,0,0,1,0,0,0,0,0,1,0,0,0,0,0,0,0,0,1
3,0,1,28.0,0,0,-0.4879402057686927,1,0,0,1,0,0,0,0,0,1,0,0,0,0,0,0,0,0,1
3,0,1,32.0,0,0,-0.4879402057686927,1,0,0,1,0,0,0,0,0,1,0,0,0,0,0,0,0,0,1
3,0,1,28.0,0,0,-0.49092055638477816,1,0,0,1,0,0,0,0,0,1,0,0,0,0,0,0,0,0,1
3,0,1,33.0,0,0,-0.47610191295188087,1,0,0,1,0,0,0,1,0,0,0,0,0,0,0,0,0,0,1
3,1,0,23.0,0,0,-0.4976041182722125,0,0,1,0,0,0,0,0,0,1,0,0,0,0,0,0,0,0,1
3,0,1,21.0,0,0,-0.4879402057686927,1,0,0,1,0,0,0,0,0,1,0,0,0,0,0,0,0,0,1
3,0,1,19.0,0,0,-0.49092055638477816,1,0,0,1,0,0,0,0,0,1,0,0,0,0,0,0,0,0,1
3,0,0,22.0,0,0,-0.4533917185686093,1,0,1,0,0,0,0,0,0,1,0,0,0,0,0,0,0,0,1
3,1,1,31.0,0,0,-0.49035618389457264,0,0,0,1,0,0,0,0,0,1,0,0,0,0,0,0,0,0,1
3,0,1,27.0,0,0,-0.47610191295188087,1,0,0,1,0,0,0,0,0,1,0,0,0,0,0,0,0,0,1
3,0,0,2.0,0,1,-0.44131182793920953,1,0,1,0,0,0,0,0,0,1,0,0,0,0,0,0,1,0,0
3,0,0,29.0,1,1,-0.44131182793920953,1,0,0,0,1,0,0,0,0,1,0,0,0,0,0,0,1,0,0
3,1,1,16.0,0,0,-0.4879402057686927,0,0,0,1,0,0,0,0,0,1,0,0,0,0,0,0,0,0,1
3,1,1,44.0,0,0,-0.49035618389457264,0,0,0,1,0,0,0,0,0,1,0,0,0,0,0,0,0,0,1
3,0,1,25.0,0,0,-0.5072680307757323,1,0,0,1,0,0,0,0,0,1,0,0,0,0,0,0,0,0,1
3,0,1,74.0,0,0,-0.4932553576456286,1,0,0,1,0,0,0,0,0,1,0,0,0,0,0,0,0,0,1
3,1,1,14.0,0,0,-0.465230011385421,0,0,0,1,0,0,0,0,0,1,0,0,0,0,0,0,0,0,1
3,0,1,24.0,0,0,-0.49285333888548216,1,0,0,1,0,0,0,0,0,1,0,0,0,0,0,0,0,0,1
3,1,1,25.0,0,0,-0.49285333888548216,0,0,0,1,0,0,0,0,0,1,0,0,0,0,0,0,0,0,1
3,0,1,34.0,0,0,-0.4879402057686927,1,0,0,1,0,0,0,0,0,1,0,0,0,0,0,0,0,0,1
3,1,1,0.4167,0,1,-0.4789199098379073,0,1,0,0,0,0,0,1,0,0,0,0,0,0,0,0,0,0,1
3,0,1,28.0,1,0,-0.5191063235925442,1,0,0,1,0,0,0,1,0,0,0,0,0,0,0,0,0,0,1
3,0,1,28.0,0,0,-0.5191063235925442,1,0,0,1,0,0,0,1,0,0,0,0,0,0,0,0,0,0,1
3,0,1,28.0,0,0,-0.5038856613995004,1,0,0,1,0,0,0,1,0,0,0,0,0,0,0,0,0,0,1
3,1,0,16.0,1,1,-0.4789199098379073,0,0,0,0,1,0,0,1,0,0,0,0,0,0,0,0,0,0,1
3,0,1,28.0,0,0,-0.4879402057686927,1,0,0,1,0,0,0,0,0,1,0,0,0,0,0,0,0,0,1
3,0,1,28.0,1,0,-0.33235121446202337,1,0,0,1,0,0,0,0,0,1,0,0,0,0,0,0,0,0,1
3,1,0,28.0,1,0,-0.33235121446202337,0,0,0,0,1,0,0,0,0,1,0,0,0,0,0,0,0,0,1
3,0,1,32.0,0,0,-0.49035618389457264,1,0,0,1,0,0,0,0,0,1,0,0,0,0,0,0,0,0,1
3,0,1,28.0,0,0,-0.49373855327080457,1,0,0,1,0,0,0,0,1,0,0,0,0,0,0,1,0,0,0
3,0,1,28.0,0,0,-0.49092055638477816,1,0,0,1,0,0,0,0,0,1,0,0,0,0,0,0,0,0,1
3,0,1,30.5,0,0,-0.4879402057686927,1,0,0,1,0,0,0,0,0,1,0,0,0,0,0,0,0,0,1
3,0,1,44.0,0,0,-0.4879402057686927,1,0,0,1,0,0,0,0,0,1,0,0,0,0,0,0,0,0,1
3,0,1,28.0,0,0,-0.5038044845344709,1,0,0,1,0,0,0,1,0,0,0,0,0,0,0,0,0,0,1
3,1,1,25.0,0,0,-0.6435291970753619,0,0,0,1,0,0,0,0,0,1,0,0,0,0,0,0,0,0,1
3,0,1,28.0,0,0,-0.5038044845344709,1,0,0,1,0,0,0,1,0,0,0,0,0,0,0,0,0,0,1
3,1,1,7.0,1,1,-0.3488610425830367,0,1,0,0,0,0,0,1,0,0,0,0,0,0,0,0,0,0,1
3,1,0,9.0,1,1,-0.3488610425830367,0,0,1,0,0,0,0,1,0,0,0,0,0,0,0,0,0,0,1
3,1,0,29.0,0,2,-0.3488610425830367,0,0,0,0,1,0,0,1,0,0,0,0,0,0,0,0,0,0,1
3,0,1,36.0,0,0,-0.49092055638477816,1,0,0,1,0,0,0,0,0,1,0,0,0,0,0,0,0,0,1
3,1,0,18.0,0,0,-0.4533105417035797,0,0,1,0,0,0,0,0,0,1,0,0,0,0,0,0,0,0,1
3,1,0,63.0,0,0,-0.45822367482036924,0,0,0,0,1,0,0,0,0,1,0,0,0,0,0,0,0,0,1
3,0,1,28.0,1,1,-0.3632757344732868,1,1,0,0,0,0,0,0,0,1,0,0,0,0,0,0,0,0,1
3,0,1,11.5,1,1,-0.3632757344732868,1,1,0,0,0,0,0,0,0,1,0,0,0,0,0,0,0,0,1
3,0,1,40.5,0,2,-0.3632757344732868,1,0,0,1,0,0,0,0,0,1,0,0,0,0,0,0,0,0,1
3,0,0,10.0,0,2,-0.17676222315535411,1,0,1,0,0,0,0,0,0,1,0,0,0,0,0,0,0,0,1
3,0,1,36.0,1,1,-0.17676222315535411,1,0,0,1,0,0,0,0,0,1,0,0,0,0,0,0,0,0,1
3,0,0,30.0,1,1,-0.17676222315535411,1,0,0,0,1,0,0,0,0,1,0,0,0,0,0,0,0,0,1
3,0,1,28.0,0,0,-0.45991485950848515,1,0,0,1,0,0,0,0,0,1,0,0,0,0,0,0,0,0,1
3,0,1,33.0,0,0,-0.45991485950848515,1,0,0,1,0,0,0,0,0,1,0,0,0,0,0,0,0,0,1
3,0,1,28.0,0,0,-0.45991485950848515,1,0,0,1,0,0,0,0,0,1,0,0,0,0,0,0,0,0,1
3,0,1,28.0,0,0,-0.45991485950848515,1,0,0,1,0,0,0,0,0,1,0,0,0,0,0,0,0,0,1
3,0,1,47.0,0,0,-0.469578772012005,1,0,0,1,0,0,0,0,0,1,0,0,0,0,0,0,0,0,1
3,0,0,18.0,2,0,-0.29562834694864804,1,0,1,0,0,0,0,0,0,1,0,0,0,0,0,0,0,0,1
3,0,1,31.0,3,0,-0.29562834694864804,1,0,0,1,0,0,0,0,0,1,0,0,0,0,0,0,0,0,1
3,0,1,16.0,2,0,-0.29562834694864804,1,0,0,1,0,0,0,0,0,1,0,0,0,0,0,0,0,0,1
3,0,0,31.0,1,0,-0.29562834694864804,1,0,0,0,1,0,0,0,0,1,0,0,0,0,0,0,0,0,1
3,1,1,22.0,0,0,-0.5038856613995004,0,0,0,1,0,0,0,1,0,0,0,0,0,0,0,0,0,0,1
3,0,1,20.0,0,0,-0.49172459390507106,1,0,0,1,0,0,0,0,0,1,0,0,0,0,0,0,0,0,1
3,0,0,14.0,0,0,-0.49172459390507106,1,0,1,0,0,0,0,0,0,1,0,0,0,0,0,0,0,0,1
3,0,1,22.0,0,0,-0.49092055638477816,1,0,0,1,0,0,0,0,0,1,0,0,0,0,0,0,0,0,1
3,0,1,22.0,0,0,-0.469578772012005,1,0,0,1,0,0,0,0,0,1,0,0,0,0,0,0,0,0,1
3,0,1,28.0,0,0,-0.4879402057686927,1,0,0,1,0,0,0,0,0,1,0,0,0,0,0,0,0,0,1
3,0,1,28.0,0,0,-0.4976041182722125,1,0,0,1,0,0,0,0,0,1,0,0,0,0,0,0,0,0,1
3,0,1,28.0,0,0,-0.4879402057686927,1,0,0,1,0,0,0,0,0,1,0,0,0,0,0,0,0,0,1
3,0,1,32.5,0,0,-0.45991485950848515,1,0,0,1,0,0,0,0,0,1,0,0,0,0,0,0,0,0,1
3,1,0,38.0,0,0,-0.5038044845344709,0,0,0,0,1,0,0,1,0,0,0,0,0,0,0,0,0,0,1
3,0,1,51.0,0,0,-0.49373855327080457,1,0,0,1,0,0,0,0,0,1,0,0,0,0,0,0,0,0,1
3,0,1,18.0,1,0,-0.5179795113946337,1,0,0,1,0,0,0,0,0,1,0,0,0,0,0,0,0,0,1
3,0,1,21.0,1,0,-0.5179795113946337,1,0,0,1,0,0,0,0,0,1,0,0,0,0,0,0,0,0,1
3,1,0,47.0,1,0,-0.5082344220260844,0,0,0,0,1,0,0,0,0,1,0,0,0,0,0,0,0,0,1
3,0,1,28.0,0,0,-0.47513552170152895,1,0,0,1,0,0,0,0,0,1,0,0,0,0,0,0,0,0,1
3,0,1,28.0,0,0,-0.4976041182722125,1,0,0,1,0,0,0,0,0,1,0,0,0,0,0,0,0,0,1
3,0,1,28.0,0,0,-0.4879402057686927,1,0,0,1,0,0,0,0,0,1,0,0,0,0,0,0,0,0,1
3,0,1,28.5,0,0,-0.33235121446202337,1,0,0,1,0,0,0,0,0,1,0,0,0,0,0,0,0,0,1
3,0,1,21.0,0,0,-0.5034024657743245,1,0,0,1,0,0,0,0,0,1,0,0,0,0,0,0,0,0,1
3,0,1,27.0,0,0,-0.47610191295188087,1,0,0,1,0,0,0,0,0,1,0,0,0,0,0,0,0,0,1
3,0,1,28.0,0,0,-0.5034024657743245,1,0,0,1,0,0,0,0,0,1,0,0,0,0,0,0,0,0,1
3,0,1,36.0,0,0,-0.45991485950848515,1,0,0,1,0,0,0,0,0,1,0,0,0,0,0,0,0,0,1
3,0,1,27.0,1,0,-0.3641609488586093,1,0,0,1,0,0,0,1,0,0,0,0,0,0,0,0,0,0,1
3,1,0,15.0,1,0,-0.3641609488586093,0,0,0,0,1,0,0,1,0,0,0,0,0,0,0,0,0,0,1
3,0,1,45.5,0,0,-0.5038856613995004,1,0,0,1,0,0,0,1,0,0,0,0,0,0,0,0,0,0,1
3,0,1,28.0,0,0,-0.5038856613995004,1,0,0,1,0,0,0,1,0,0,0,0,0,0,0,0,0,0,1
3,0,1,28.0,0,0,-0.3640817047760804,1,0,0,1,0,0,0,1,0,0,0,0,0,0,0,0,0,0,1
3,0,0,14.5,1,0,-0.3641609488586093,1,0,1,0,0,0,0,1,0,0,0,0,0,0,0,0,0,0,1
3,0,0,28.0,1,0,-0.3641609488586093,1,0,1,0,0,0,0,1,0,0,0,0,0,0,0,0,0,0,1
3,0,1,26.5,0,0,-0.5038856613995004,1,0,0,1,0,0,0,1,0,0,0,0,0,0,0,0,0,0,1
3,0,1,27.0,0,0,-0.5038856613995004,1,0,0,1,0,0,0,1,0,0,0,0,0,0,0,0,0,0,1
3,0,1,29.0,0,0,-0.4913225751449246,1,0,0,1,0,0,0,0,0,1,0,0,0,0,0,0,0,0,1
